Plant_ID,Chamber,Shelf,Leaf_ID,Plant_Leaf,RhizoctoniaLL,RhizoctoniaPerc,ColletotrichumPerc,Date/Time,Date_Exposed,DAI,Date_Zero
1,Ernie,Bottom,1,1_1,0.9,0.5,0,2/13/19,2/8/19,5,0
1,Ernie,Bottom,1,1_1,0.9,0.5,0,2/15/19,2/8/19,7,0
1,Ernie,Bottom,1,1_1,0.5,0.5,0,2/18/19,2/8/19,10,0
1,Ernie,Bottom,1,1_1,1,0.5,0,2/11/19,2/8/19,3,0
1,Ernie,Bottom,1,1_1,0.6,0.5,0,2/25/19,2/8/19,17,0
1,Ernie,Bottom,1,1_1,0.5,0.5,0,2/20/19,2/8/19,12,0
1,Ernie,Bottom,1,1_1,0.5,0.5,0,2/22/19,2/8/19,14,0
1,Ernie,Bottom,1,1_1,0.2,0.1,0,2/10/19,2/8/19,2,0
1,Ernie,Bottom,1,1_1,0.6,0.5,0,2/27/19,2/8/19,19,0
1,Ernie,Bottom,1,1_1,0.6,0.5,0,3/1/19,2/8/19,21,0
1,Ernie,Bottom,1,1_1,0.6,0.5,0,3/4/19,2/8/19,24,0
1,Ernie,Bottom,1,1_1,0.8,2,0,3/6/19,2/8/19,26,0
1,Ernie,Bottom,1,1_1,0,0,0,2/8/19,2/8/19,0,0
2,Bert,Bottom,1,2_1,0,0,1,2/25/19,2/8/19,17,0
2,Bert,Bottom,1,2_1,0,0,0,2/18/19,2/8/19,10,0
2,Bert,Bottom,1,2_1,0,0,0,2/11/19,2/8/19,3,0
2,Bert,Bottom,1,2_1,0,0,0,2/10/19,2/8/19,2,0
2,Bert,Bottom,1,2_1,0,0,0,2/13/19,2/8/19,5,0
2,Bert,Bottom,1,2_1,0,0,0,2/15/19,2/8/19,7,0
2,Bert,Bottom,1,2_1,0,0,0,2/20/19,2/8/19,12,0
2,Bert,Bottom,1,2_1,0,0,0,2/22/19,2/8/19,14,0
2,Bert,Bottom,1,2_1,dead,dead,dead,2/27/19,2/8/19,19,0
2,Bert,Bottom,1,2_1,dead,dead,dead,3/1/19,2/8/19,21,0
2,Bert,Bottom,1,2_1,dead,dead,dead,3/4/19,2/8/19,24,0
2,Bert,Bottom,1,2_1,dead,dead,dead,3/6/19,2/8/19,26,0
2,Bert,Bottom,1,2_1,0,0,0,2/8/19,2/8/19,0,0
3,Ernie,Bottom,1,3_1,1.9,5,0,2/15/19,2/8/19,7,0
3,Ernie,Bottom,1,3_1,1.9,5,0,2/22/19,2/8/19,14,0
3,Ernie,Bottom,1,3_1,1.9,5,0,2/25/19,2/8/19,17,0
3,Ernie,Bottom,1,3_1,1.8,5,0,2/13/19,2/8/19,5,0
3,Ernie,Bottom,1,3_1,1.3,3,0,2/10/19,2/8/19,2,0
3,Ernie,Bottom,1,3_1,1.3,5,0,2/20/19,2/8/19,12,0
3,Ernie,Bottom,1,3_1,1.9,5,0,2/18/19,2/8/19,10,0
3,Ernie,Bottom,1,3_1,1.5,3,0,2/11/19,2/8/19,3,0
3,Ernie,Bottom,1,3_1,1.8,5,0,2/27/19,2/8/19,19,0
3,Ernie,Bottom,1,3_1,1.8,5,0,3/1/19,2/8/19,21,0
3,Ernie,Bottom,1,3_1,dead,dead,dead,3/4/19,2/8/19,24,0
3,Ernie,Bottom,1,3_1,dead,dead,dead,3/6/19,2/8/19,26,0
3,Ernie,Bottom,1,3_1,0,0,0,2/8/19,2/8/19,0,0
4,Bert,Bottom,1,4_1,2,3,0,2/18/19,2/8/19,10,0
4,Bert,Bottom,1,4_1,0.6,1,0,2/11/19,2/8/19,3,0
4,Bert,Bottom,1,4_1,1.9,3,0,2/20/19,2/8/19,12,0
4,Bert,Bottom,1,4_1,1.9,3,0,2/22/19,2/8/19,14,0
4,Bert,Bottom,1,4_1,1.9,3,0,2/25/19,2/8/19,17,0
4,Bert,Bottom,1,4_1,0.7,1,0,2/13/19,2/8/19,5,0
4,Bert,Bottom,1,4_1,0.7,1,0,2/15/19,2/8/19,7,0
4,Bert,Bottom,1,4_1,0.4,1,0,2/10/19,2/8/19,2,0
4,Bert,Bottom,1,4_1,dead,dead,dead,2/27/19,2/8/19,19,0
4,Bert,Bottom,1,4_1,dead,dead,dead,3/1/19,2/8/19,21,0
4,Bert,Bottom,1,4_1,dead,dead,dead,3/4/19,2/8/19,24,0
4,Bert,Bottom,1,4_1,dead,dead,dead,3/6/19,2/8/19,26,0
4,Bert,Bottom,1,4_1,0,0,0,2/8/19,2/8/19,0,0
5,Bert,Top,1,5_1,4.7,15,0,2/25/19,2/8/19,17,0
5,Bert,Top,1,5_1,3.4,8,0,2/22/19,2/8/19,14,0
5,Bert,Top,1,5_1,2.5,5,0,2/20/19,2/8/19,12,0
5,Bert,Top,1,5_1,2.1,3.5,0,2/15/19,2/8/19,7,0
5,Bert,Top,1,5_1,2.1,3.5,0,2/18/19,2/8/19,10,0
5,Bert,Top,1,5_1,1.2,3,0,2/11/19,2/8/19,3,0
5,Bert,Top,1,5_1,1.2,3,0,2/13/19,2/8/19,5,0
5,Bert,Top,1,5_1,0.9,3,0,2/10/19,2/8/19,2,0
5,Bert,Top,1,5_1,5,15,0,2/27/19,2/8/19,19,0
5,Bert,Top,1,5_1,7.6,20,0,3/1/19,2/8/19,21,0
5,Bert,Top,1,5_1,7.6,20,0,3/4/19,2/8/19,24,0
5,Bert,Top,1,5_1,7.6,20,0,3/6/19,2/8/19,26,0
5,Bert,Top,1,5_1,0,0,0,2/8/19,2/8/19,0,0
6,Ernie,Top,1,6_1,2.5,5,0,2/13/19,2/8/19,5,0
6,Ernie,Top,1,6_1,2.5,5,0,2/22/19,2/8/19,14,0
6,Ernie,Top,1,6_1,2.5,5,0,2/25/19,2/8/19,17,0
6,Ernie,Top,1,6_1,2.3,5,0,2/15/19,2/8/19,7,0
6,Ernie,Top,1,6_1,2.2,5,0,2/20/19,2/8/19,12,0
6,Ernie,Top,1,6_1,1,4,0,2/10/19,2/8/19,2,0
6,Ernie,Top,1,6_1,2.1,5,0,2/11/19,2/8/19,3,0
6,Ernie,Top,1,6_1,2.3,5,0,2/18/19,2/8/19,10,0
6,Ernie,Top,1,6_1,2.5,5,0,2/27/19,2/8/19,19,0
6,Ernie,Top,1,6_1,dead,dead,dead,3/1/19,2/8/19,21,0
6,Ernie,Top,1,6_1,dead,dead,dead,3/4/19,2/8/19,24,0
6,Ernie,Top,1,6_1,dead,dead,dead,3/6/19,2/8/19,26,0
6,Ernie,Top,1,6_1,0,0,0,2/8/19,2/8/19,0,0
7,Bert,Top,1,7_1,0,0,30,2/25/19,2/8/19,17,0
7,Bert,Top,1,7_1,0,0,0,2/18/19,2/8/19,10,0
7,Bert,Top,1,7_1,0,0,0,2/11/19,2/8/19,3,0
7,Bert,Top,1,7_1,0,0,0,2/10/19,2/8/19,2,0
7,Bert,Top,1,7_1,0,0,0,2/13/19,2/8/19,5,0
7,Bert,Top,1,7_1,0,-,0,2/15/19,2/8/19,7,0
7,Bert,Top,1,7_1,0,0,0,2/20/19,2/8/19,12,0
7,Bert,Top,1,7_1,0,0,0,2/22/19,2/8/19,14,0
7,Bert,Top,1,7_1,,dead,dead,2/27/19,2/8/19,19,0
7,Bert,Top,1,7_1,dead,dead,dead,3/1/19,2/8/19,21,0
7,Bert,Top,1,7_1,dead,dead,dead,3/4/19,2/8/19,24,0
7,Bert,Top,1,7_1,dead,dead,dead,3/6/19,2/8/19,26,0
7,Bert,Top,1,7_1,0,0,0,2/8/19,2/8/19,0,0
8,Ernie,Bottom,1,8_1,1.1,2,0,2/25/19,2/8/19,17,0
8,Ernie,Bottom,1,8_1,1,1,0,2/13/19,2/8/19,5,0
8,Ernie,Bottom,1,8_1,1,2,0,2/22/19,2/8/19,14,0
8,Ernie,Bottom,1,8_1,0.9,2,0,2/15/19,2/8/19,7,0
8,Ernie,Bottom,1,8_1,0.8,2,0,2/20/19,2/8/19,12,0
8,Ernie,Bottom,1,8_1,0.7,1,0,2/10/19,2/8/19,2,0
8,Ernie,Bottom,1,8_1,0.9,2,0,2/18/19,2/8/19,10,0
8,Ernie,Bottom,1,8_1,1,2,0,2/11/19,2/8/19,3,0
8,Ernie,Bottom,1,8_1,1.1,2,0,2/27/19,2/8/19,19,0
8,Ernie,Bottom,1,8_1,1.1,2,0,3/1/19,2/8/19,21,0
8,Ernie,Bottom,1,8_1,1.1,2,0,3/4/19,2/8/19,24,0
8,Ernie,Bottom,1,8_1,1.1,2,0,3/6/19,2/8/19,26,0
8,Ernie,Bottom,1,8_1,0,0,0,2/8/19,2/8/19,0,0
9,Ernie,Bottom,1,9_1,1.9,40,0,2/25/19,2/8/19,17,0
9,Ernie,Bottom,1,9_1,1.4,15,0,2/22/19,2/8/19,14,0
9,Ernie,Bottom,1,9_1,1.2,15,0,2/20/19,2/8/19,12,0
9,Ernie,Bottom,1,9_1,1.1,15,0,2/15/19,2/8/19,7,0
9,Ernie,Bottom,1,9_1,1,15,0,2/13/19,2/8/19,5,0
9,Ernie,Bottom,1,9_1,0.8,20,0,2/10/19,2/8/19,2,0
9,Ernie,Bottom,1,9_1,1,20,0,2/11/19,2/8/19,3,0
9,Ernie,Bottom,1,9_1,1.2,15,0,2/18/19,2/8/19,10,0
9,Ernie,Bottom,1,9_1,1.9,40,0,2/27/19,2/8/19,19,0
9,Ernie,Bottom,1,9_1,dead,dead,dead,3/1/19,2/8/19,21,0
9,Ernie,Bottom,1,9_1,dead,dead,dead,3/4/19,2/8/19,24,0
9,Ernie,Bottom,1,9_1,dead,dead,dead,3/6/19,2/8/19,26,0
9,Ernie,Bottom,1,9_1,0,0,0,2/8/19,2/8/19,0,0
12,Ernie,Top,1,12_1,0,0,0.1,2/18/19,2/8/19,10,0
12,Ernie,Top,1,12_1,0,0,0.1,2/27/19,2/8/19,19,0
12,Ernie,Top,1,12_1,0,0,2,3/1/19,2/8/19,21,0
12,Ernie,Top,1,12_1,0,0,3,3/4/19,2/8/19,24,0
12,Ernie,Top,1,12_1,0,0,5,3/6/19,2/8/19,26,0
12,Ernie,Top,1,12_1,0,0,0,2/10/19,2/8/19,2,0
12,Ernie,Top,1,12_1,0,0,0,2/11/19,2/8/19,3,0
12,Ernie,Top,1,12_1,0,0,0,2/13/19,2/8/19,5,0
12,Ernie,Top,1,12_1,0,0,0,2/15/19,2/8/19,7,0
12,Ernie,Top,1,12_1,0,0,0,2/20/19,2/8/19,12,0
12,Ernie,Top,1,12_1,0,0,0,2/22/19,2/8/19,14,0
12,Ernie,Top,1,12_1,0,0,0,2/25/19,2/8/19,17,0
12,Ernie,Top,1,12_1,0,0,0,2/8/19,2/8/19,0,0
13,Bert,Top,1,13_1,0,0,0,2/18/19,2/8/19,10,0
13,Bert,Top,1,13_1,0,0,0,2/11/19,2/8/19,3,0
13,Bert,Top,1,13_1,0,0,0,2/10/19,2/8/19,2,0
13,Bert,Top,1,13_1,0,0,0,2/13/19,2/8/19,5,0
13,Bert,Top,1,13_1,0,0,0,2/15/19,2/8/19,7,0
13,Bert,Top,1,13_1,0,0,0,2/20/19,2/8/19,12,0
13,Bert,Top,1,13_1,0,0,0,2/22/19,2/8/19,14,0
13,Bert,Top,1,13_1,0,0,0,2/25/19,2/8/19,17,0
13,Bert,Top,1,13_1,0,0,0,2/27/19,2/8/19,19,0
13,Bert,Top,1,13_1,0,0,0,3/1/19,2/8/19,21,0
13,Bert,Top,1,13_1,0,0,0,3/4/19,2/8/19,24,0
13,Bert,Top,1,13_1,0,0,0,3/6/19,2/8/19,26,0
13,Bert,Top,1,13_1,0,0,0,2/8/19,2/8/19,0,0
16,Ernie,Top,1,16_1,0.6,1,0,2/15/19,2/8/19,7,0
16,Ernie,Top,1,16_1,0.6,1,0,2/22/19,2/8/19,14,0
16,Ernie,Top,1,16_1,0.6,1,0,2/25/19,2/8/19,17,0
16,Ernie,Top,1,16_1,0.5,1,0,2/13/19,2/8/19,5,0
16,Ernie,Top,1,16_1,0.5,1,0,2/20/19,2/8/19,12,0
16,Ernie,Top,1,16_1,0.4,1,0,2/10/19,2/8/19,2,0
16,Ernie,Top,1,16_1,0.5,1,0,2/11/19,2/8/19,3,0
16,Ernie,Top,1,16_1,0.6,1,0,2/18/19,2/8/19,10,0
16,Ernie,Top,1,16_1,0.6,1,0,2/27/19,2/8/19,19,0
16,Ernie,Top,1,16_1,0.6,1,0,3/1/19,2/8/19,21,0
16,Ernie,Top,1,16_1,0.6,1,0,3/4/19,2/8/19,24,0
16,Ernie,Top,1,16_1,0.6,1,0,3/6/19,2/8/19,26,0
16,Ernie,Top,1,16_1,0,0,0,2/8/19,2/8/19,0,0
17,Ernie,Bottom,1,17_1,5.5,35,0,2/20/19,2/8/19,12,0
17,Ernie,Bottom,1,17_1,4.1,6,0,2/13/19,2/8/19,5,0
17,Ernie,Bottom,1,17_1,4.1,6,0,2/15/19,2/8/19,7,0
17,Ernie,Bottom,1,17_1,0.8,1,0,2/10/19,2/8/19,2,0
17,Ernie,Bottom,1,17_1,5.4,9,0,2/18/19,2/8/19,10,0
17,Ernie,Bottom,1,17_1,3.8,10,0,2/11/19,2/8/19,3,0
17,Ernie,Bottom,1,17_1,dead,dead,dead,2/27/19,2/8/19,19,0
17,Ernie,Bottom,1,17_1,dead,dead,dead,3/1/19,2/8/19,21,0
17,Ernie,Bottom,1,17_1,dead,dead,dead,3/4/19,2/8/19,24,0
17,Ernie,Bottom,1,17_1,dead,dead,dead,3/6/19,2/8/19,26,0
17,Ernie,Bottom,1,17_1,0,0,0,2/8/19,2/8/19,0,0
18,Bert,Top,1,18_1,0,0,0,2/18/19,2/8/19,10,0
18,Bert,Top,1,18_1,0,0,0,2/11/19,2/8/19,3,0
18,Bert,Top,1,18_1,0.4,0.5,0,2/22/19,2/8/19,14,0
18,Bert,Top,1,18_1,0.4,0.5,0,2/25/19,2/8/19,17,0
18,Bert,Top,1,18_1,0.3,0.5,0,2/20/19,2/8/19,12,0
18,Bert,Top,1,18_1,0,0,0,2/10/19,2/8/19,2,0
18,Bert,Top,1,18_1,0,0,0,2/13/19,2/8/19,5,0
18,Bert,Top,1,18_1,0,0,0,2/15/19,2/8/19,7,0
18,Bert,Top,1,18_1,0.4,0.4,0,2/27/19,2/8/19,19,0
18,Bert,Top,1,18_1,0.4,0.5,0,3/1/19,2/8/19,21,0
18,Bert,Top,1,18_1,0.4,0.5,0,3/4/19,2/8/19,24,0
18,Bert,Top,1,18_1,0.5,0.5,0,3/6/19,2/8/19,26,0
18,Bert,Top,1,18_1,0,0,0,2/8/19,2/8/19,0,0
20,Bert,Top,1,20_1,dead,dead,dead,2/20/19,2/8/19,12,0
20,Bert,Top,1,20_1,dead,dead,dead,2/22/19,2/8/19,14,0
20,Bert,Top,1,20_1,dead,dead,dead,2/25/19,2/8/19,17,0
20,Bert,Top,1,20_1,8.9,50,0,2/15/19,2/8/19,7,0
20,Bert,Top,1,20_1,4.9,20,0,2/13/19,2/8/19,5,0
20,Bert,Top,1,20_1,2.9,15,0,2/10/19,2/8/19,2,0
20,Bert,Top,1,20_1,dead,dead,dead,2/18/19,2/8/19,10,0
20,Bert,Top,1,20_1,4.9,20,0,2/11/19,2/8/19,3,0
20,Bert,Top,1,20_1,dead,dead,dead,2/27/19,2/8/19,19,0
20,Bert,Top,1,20_1,dead,dead,dead,3/1/19,2/8/19,21,0
20,Bert,Top,1,20_1,dead,dead,dead,3/4/19,2/8/19,24,0
20,Bert,Top,1,20_1,dead,dead,dead,3/6/19,2/8/19,26,0
20,Bert,Top,1,20_1,0,0,0,2/8/19,2/8/19,0,0
21,Ernie,Bottom,1,21_1,0,0,1,2/25/19,2/8/19,17,0
21,Ernie,Bottom,1,21_1,0,0,1,2/27/19,2/8/19,19,0
21,Ernie,Bottom,1,21_1,0,0,2,3/1/19,2/8/19,21,0
21,Ernie,Bottom,1,21_1,0,0,0,2/10/19,2/8/19,2,0
21,Ernie,Bottom,1,21_1,0,0.5,0,2/11/19,2/8/19,3,0
21,Ernie,Bottom,1,21_1,0,0,0,2/13/19,2/8/19,5,0
21,Ernie,Bottom,1,21_1,0,0,0,2/15/19,2/8/19,7,0
21,Ernie,Bottom,1,21_1,0,0,0,2/18/19,2/8/19,10,0
21,Ernie,Bottom,1,21_1,0,0,0,2/20/19,2/8/19,12,0
21,Ernie,Bottom,1,21_1,0,0,0,2/22/19,2/8/19,14,0
21,Ernie,Bottom,1,21_1,dead,dead,dead,3/4/19,2/8/19,24,0
21,Ernie,Bottom,1,21_1,dead,dead,dead,3/6/19,2/8/19,26,0
21,Ernie,Bottom,1,21_1,0,0,0,2/8/19,2/8/19,0,0
22,Ernie,Top,1,22_1,0,0,1,2/27/19,2/8/19,19,0
22,Ernie,Top,1,22_1,0,0,2,3/1/19,2/8/19,21,0
22,Ernie,Top,1,22_1,0,0,0,2/10/19,2/8/19,2,0
22,Ernie,Top,1,22_1,0,0,0,2/11/19,2/8/19,3,0
22,Ernie,Top,1,22_1,0,0,0,2/13/19,2/8/19,5,0
22,Ernie,Top,1,22_1,0,0,0,2/15/19,2/8/19,7,0
22,Ernie,Top,1,22_1,0,0,0,2/18/19,2/8/19,10,0
22,Ernie,Top,1,22_1,0,0,0,2/20/19,2/8/19,12,0
22,Ernie,Top,1,22_1,0,0,0,2/22/19,2/8/19,14,0
22,Ernie,Top,1,22_1,0,0,0,2/25/19,2/8/19,17,0
22,Ernie,Top,1,22_1,dead,dead,dead,3/4/19,2/8/19,24,0
22,Ernie,Top,1,22_1,dead,dead,dead,3/6/19,2/8/19,26,0
22,Ernie,Top,1,22_1,0,0,0,2/8/19,2/8/19,0,0
25,Bert,Top,1,25_1,1.8,3,0,2/13/19,2/8/19,5,0
25,Bert,Top,1,25_1,1.8,3,0,2/15/19,2/8/19,7,0
25,Bert,Top,1,25_1,1.7,3,0,2/22/19,2/8/19,14,0
25,Bert,Top,1,25_1,1.7,3,0,2/25/19,2/8/19,17,0
25,Bert,Top,1,25_1,1.6,3,0,2/20/19,2/8/19,12,0
25,Bert,Top,1,25_1,1.4,5,0,2/10/19,2/8/19,2,0
25,Bert,Top,1,25_1,1.7,3,0,2/18/19,2/8/19,10,0
25,Bert,Top,1,25_1,1.6,3,0,2/11/19,2/8/19,3,0
25,Bert,Top,1,25_1,dead,dead,dead,2/27/19,2/8/19,19,0
25,Bert,Top,1,25_1,dead,dead,dead,3/1/19,2/8/19,21,0
25,Bert,Top,1,25_1,dead,dead,dead,3/4/19,2/8/19,24,0
25,Bert,Top,1,25_1,dead,dead,dead,3/6/19,2/8/19,26,0
25,Bert,Top,1,25_1,0,0,0,2/8/19,2/8/19,0,0
26,Bert,Bottom,1,26_1,dead,dead,dead,2/25/19,2/8/19,17,0
26,Bert,Bottom,1,26_1,4.2,6,0,2/18/19,2/8/19,10,0
26,Bert,Bottom,1,26_1,3.3,5,0,2/11/19,2/8/19,3,0
26,Bert,Bottom,1,26_1,3.4,5,0,2/13/19,2/8/19,5,0
26,Bert,Bottom,1,26_1,3.4,5,0,2/15/19,2/8/19,7,0
26,Bert,Bottom,1,26_1,4,6,5,2/20/19,2/8/19,12,0
26,Bert,Bottom,1,26_1,7.6,40,5,2/22/19,2/8/19,14,0
26,Bert,Bottom,1,26_1,3,5,0,2/10/19,2/8/19,2,0
26,Bert,Bottom,1,26_1,dead,dead,dead,2/27/19,2/8/19,19,0
26,Bert,Bottom,1,26_1,dead,dead,dead,3/1/19,2/8/19,21,0
26,Bert,Bottom,1,26_1,dead,dead,dead,3/4/19,2/8/19,24,0
26,Bert,Bottom,1,26_1,dead,dead,dead,3/6/19,2/8/19,26,0
26,Bert,Bottom,1,26_1,0,0,0,2/8/19,2/8/19,0,0
27,Bert,Top,1,27_1,0.9,2,0,2/18/19,2/8/19,10,0
27,Bert,Top,1,27_1,0.9,1,0,2/11/19,2/8/19,3,0
27,Bert,Top,1,27_1,0.9,2,0,2/13/19,2/8/19,5,0
27,Bert,Top,1,27_1,0.9,2,0,2/15/19,2/8/19,7,0
27,Bert,Top,1,27_1,0.7,2,0,2/20/19,2/8/19,12,0
27,Bert,Top,1,27_1,0.7,2,0,2/22/19,2/8/19,14,0
27,Bert,Top,1,27_1,0.7,2,0,2/25/19,2/8/19,17,0
27,Bert,Top,1,27_1,0.4,2,0,2/10/19,2/8/19,2,0
27,Bert,Top,1,27_1,0.7,0.7,0,2/27/19,2/8/19,19,0
27,Bert,Top,1,27_1,0.6,2,0,3/1/19,2/8/19,21,0
27,Bert,Top,1,27_1,0.6,2,0,3/4/19,2/8/19,24,0
27,Bert,Top,1,27_1,dead,dead,dead,3/6/19,2/8/19,26,0
27,Bert,Top,1,27_1,0,0,0,2/8/19,2/8/19,0,0
28,Bert,Bottom,1,28_1,1.5,3,1,2/20/19,2/8/19,12,0
28,Bert,Bottom,1,28_1,2.9,5,1,2/22/19,2/8/19,14,0
28,Bert,Bottom,1,28_1,2.9,5,1,2/25/19,2/8/19,17,0
28,Bert,Bottom,1,28_1,1.5,3,0,2/18/19,2/8/19,10,0
28,Bert,Bottom,1,28_1,2.9,5,3,2/27/19,2/8/19,19,0
28,Bert,Bottom,1,28_1,1.5,3,0,2/11/19,2/8/19,3,0
28,Bert,Bottom,1,28_1,1.6,3,0,2/13/19,2/8/19,5,0
28,Bert,Bottom,1,28_1,1.6,3,0,2/15/19,2/8/19,7,0
28,Bert,Bottom,1,28_1,1.5,2,0,2/10/19,2/8/19,2,0
28,Bert,Bottom,1,28_1,dead,dead,dead,3/1/19,2/8/19,21,0
28,Bert,Bottom,1,28_1,dead,dead,dead,3/4/19,2/8/19,24,0
28,Bert,Bottom,1,28_1,dead,dead,dead,3/6/19,2/8/19,26,0
28,Bert,Bottom,1,28_1,0,0,0,2/8/19,2/8/19,0,0
29,Bert,Bottom,1,29_1,dead,dead,dead,2/20/19,2/8/19,12,0
29,Bert,Bottom,1,29_1,dead,dead,dead,2/22/19,2/8/19,14,0
29,Bert,Bottom,1,29_1,dead,dead,dead,2/25/19,2/8/19,17,0
29,Bert,Bottom,1,29_1,8.5,35,0,2/15/19,2/8/19,7,0
29,Bert,Bottom,1,29_1,7.6,35,0,2/13/19,2/8/19,5,0
29,Bert,Bottom,1,29_1,11.7,85,0,2/18/19,2/8/19,10,0
29,Bert,Bottom,1,29_1,6,20,0,2/11/19,2/8/19,3,0
29,Bert,Bottom,1,29_1,3,8,0,2/10/19,2/8/19,2,0
29,Bert,Bottom,1,29_1,dead,dead,dead,2/27/19,2/8/19,19,0
29,Bert,Bottom,1,29_1,dead,dead,dead,3/1/19,2/8/19,21,0
29,Bert,Bottom,1,29_1,dead,dead,dead,3/4/19,2/8/19,24,0
29,Bert,Bottom,1,29_1,dead,dead,dead,3/6/19,2/8/19,26,0
29,Bert,Bottom,1,29_1,0,0,0,2/8/19,2/8/19,0,0
30,Bert,Top,1,30_1,2.2,5,0,2/15/19,2/8/19,7,0
30,Bert,Top,1,30_1,2.4,5,5,3/6/19,2/8/19,26,0
30,Bert,Top,1,30_1,2.2,5,0,2/20/19,2/8/19,12,0
30,Bert,Top,1,30_1,2.2,5,0,2/22/19,2/8/19,14,0
30,Bert,Top,1,30_1,2.2,5,0,2/25/19,2/8/19,17,0
30,Bert,Top,1,30_1,2.2,5,0,2/18/19,2/8/19,10,0
30,Bert,Top,1,30_1,1,3,0,2/13/19,2/8/19,5,0
30,Bert,Top,1,30_1,0.9,2,0,2/10/19,2/8/19,2,0
30,Bert,Top,1,30_1,1.1,3,0,2/11/19,2/8/19,3,0
30,Bert,Top,1,30_1,2.2,5,0,2/27/19,2/8/19,19,0
30,Bert,Top,1,30_1,2.2,5,0,3/1/19,2/8/19,21,0
30,Bert,Top,1,30_1,2.2,5,0,3/4/19,2/8/19,24,0
30,Bert,Top,1,30_1,0,0,0,2/8/19,2/8/19,0,0
31,Bert,Bottom,1,31_1,0,0,0,2/18/19,2/8/19,10,0
31,Bert,Bottom,1,31_1,0,0,0,2/11/19,2/8/19,3,0
31,Bert,Bottom,1,31_1,0,0,0,2/10/19,2/8/19,2,0
31,Bert,Bottom,1,31_1,0,0,0,2/13/19,2/8/19,5,0
31,Bert,Bottom,1,31_1,0,0,0,2/15/19,2/8/19,7,0
31,Bert,Bottom,1,31_1,0,0,0,2/20/19,2/8/19,12,0
31,Bert,Bottom,1,31_1,0,0,0,2/22/19,2/8/19,14,0
31,Bert,Bottom,1,31_1,0,0,0,2/25/19,2/8/19,17,0
31,Bert,Bottom,1,31_1,0,0,0,2/27/19,2/8/19,19,0
31,Bert,Bottom,1,31_1,0,0,0,3/1/19,2/8/19,21,0
31,Bert,Bottom,1,31_1,dead,dead,dead,3/4/19,2/8/19,24,0
31,Bert,Bottom,1,31_1,dead,dead,dead,3/6/19,2/8/19,26,0
31,Bert,Bottom,1,31_1,0,0,0,2/8/19,2/8/19,0,0
32,Bert,Bottom,1,32_1,0,0,0,2/18/19,2/8/19,10,0
32,Bert,Bottom,1,32_1,0,0,0.1,2/25/19,2/8/19,17,0
32,Bert,Bottom,1,32_1,0,0,0.1,2/27/19,2/8/19,19,0
32,Bert,Bottom,1,32_1,0,0,0.5,3/1/19,2/8/19,21,0
32,Bert,Bottom,1,32_1,0,0,0,2/11/19,2/8/19,3,0
32,Bert,Bottom,1,32_1,0,0,0,2/10/19,2/8/19,2,0
32,Bert,Bottom,1,32_1,0,0,0,2/13/19,2/8/19,5,0
32,Bert,Bottom,1,32_1,0,0,0,2/15/19,2/8/19,7,0
32,Bert,Bottom,1,32_1,0,0,0,2/20/19,2/8/19,12,0
32,Bert,Bottom,1,32_1,0,0,0,2/22/19,2/8/19,14,0
32,Bert,Bottom,1,32_1,0,0,0,3/4/19,2/8/19,24,0
32,Bert,Bottom,1,32_1,dead,dead,dead,3/6/19,2/8/19,26,0
32,Bert,Bottom,1,32_1,0,0,0,2/8/19,2/8/19,0,0
33,Ernie,Top,1,33_1,1.8,3,0,2/22/19,2/8/19,14,0
33,Ernie,Top,1,33_1,1.8,3,0,2/25/19,2/8/19,17,0
33,Ernie,Top,1,33_1,1.7,3,0,2/20/19,2/8/19,12,0
33,Ernie,Top,1,33_1,0.9,1,0,2/13/19,2/8/19,5,0
33,Ernie,Top,1,33_1,0.9,1,0,2/15/19,2/8/19,7,0
33,Ernie,Top,1,33_1,0.5,0.5,0,2/10/19,2/8/19,2,0
33,Ernie,Top,1,33_1,0.5,0.5,0,2/11/19,2/8/19,3,0
33,Ernie,Top,1,33_1,1.1,1,0,2/18/19,2/8/19,10,0
33,Ernie,Top,1,33_1,1.8,3,0,2/27/19,2/8/19,19,0
33,Ernie,Top,1,33_1,2.2,4,0,3/1/19,2/8/19,21,0
33,Ernie,Top,1,33_1,2.1,4,0,3/4/19,2/8/19,24,0
33,Ernie,Top,1,33_1,2.1,8,0,3/6/19,2/8/19,26,0
33,Ernie,Top,1,33_1,0,0,0,2/8/19,2/8/19,0,0
34,Ernie,Top,1,34_1,0,0,0,2/10/19,2/8/19,2,0
34,Ernie,Top,1,34_1,0,0,0,2/11/19,2/8/19,3,0
34,Ernie,Top,1,34_1,0,0,0,2/13/19,2/8/19,5,0
34,Ernie,Top,1,34_1,0,0,0,2/15/19,2/8/19,7,0
34,Ernie,Top,1,34_1,0,0,0,2/18/19,2/8/19,10,0
34,Ernie,Top,1,34_1,0,0,0,2/20/19,2/8/19,12,0
34,Ernie,Top,1,34_1,0,0,0,2/22/19,2/8/19,14,0
34,Ernie,Top,1,34_1,0,0,0,2/25/19,2/8/19,17,0
34,Ernie,Top,1,34_1,0,0,0,2/27/19,2/8/19,19,0
34,Ernie,Top,1,34_1,0,0,0,3/1/19,2/8/19,21,0
34,Ernie,Top,1,34_1,0,0,0,3/4/19,2/8/19,24,0
34,Ernie,Top,1,34_1,0,0,0,3/6/19,2/8/19,26,0
34,Ernie,Top,1,34_1,0,0,0,2/8/19,2/8/19,0,0
35,Bert,Bottom,1,35_1,dead,dead,dead,2/22/19,2/8/19,14,0
35,Bert,Bottom,1,35_1,dead,dead,dead,2/25/19,2/8/19,17,0
35,Bert,Bottom,1,35_1,dead,dead,dead,2/20/19,2/8/19,12,0
35,Bert,Bottom,1,35_1,dead,dead,dead,2/18/19,2/8/19,10,0
35,Bert,Bottom,1,35_1,1.8,3,0,2/11/19,2/8/19,3,0
35,Bert,Bottom,1,35_1,1.7,4,0,2/15/19,2/8/19,7,0
35,Bert,Bottom,1,35_1,1.5,3,0,2/10/19,2/8/19,2,0
35,Bert,Bottom,1,35_1,1,3,0,2/13/19,2/8/19,5,0
35,Bert,Bottom,1,35_1,dead,dead,dead,2/27/19,2/8/19,19,0
35,Bert,Bottom,1,35_1,dead,dead,dead,3/1/19,2/8/19,21,0
35,Bert,Bottom,1,35_1,dead,dead,dead,3/4/19,2/8/19,24,0
35,Bert,Bottom,1,35_1,dead,dead,dead,3/6/19,2/8/19,26,0
35,Bert,Bottom,1,35_1,0,0,0,2/8/19,2/8/19,0,0
36,Bert,Bottom,1,36_1,0,0,0,2/18/19,2/8/19,10,0
36,Bert,Bottom,1,36_1,0,0,1,2/20/19,2/8/19,12,0
36,Bert,Bottom,1,36_1,0,0,3,2/22/19,2/8/19,14,0
36,Bert,Bottom,1,36_1,0,0,3,2/25/19,2/8/19,17,0
36,Bert,Bottom,1,36_1,0,0,0,2/11/19,2/8/19,3,0
36,Bert,Bottom,1,36_1,0,0,3,2/27/19,2/8/19,19,0
36,Bert,Bottom,1,36_1,0,0,10,3/1/19,2/8/19,21,0
36,Bert,Bottom,1,36_1,0,0,10,3/4/19,2/8/19,24,0
36,Bert,Bottom,1,36_1,0,0,10,3/6/19,2/8/19,26,0
36,Bert,Bottom,1,36_1,0,0,0,2/10/19,2/8/19,2,0
36,Bert,Bottom,1,36_1,0,0,0,2/13/19,2/8/19,5,0
36,Bert,Bottom,1,36_1,0,0,0,2/15/19,2/8/19,7,0
36,Bert,Bottom,1,36_1,0,0,0,2/8/19,2/8/19,0,0
37,Bert,Bottom,1,37_1,dead,dead,dead,2/20/19,2/8/19,12,0
37,Bert,Bottom,1,37_1,dead,dead,dead,2/22/19,2/8/19,14,0
37,Bert,Bottom,1,37_1,dead,dead,dead,2/25/19,2/8/19,17,0
37,Bert,Bottom,1,37_1,6.3,25,0,2/15/19,2/8/19,7,0
37,Bert,Bottom,1,37_1,9.3,30,0,2/18/19,2/8/19,10,0
37,Bert,Bottom,1,37_1,4.8,20,0,2/13/19,2/8/19,5,0
37,Bert,Bottom,1,37_1,3.7,10,0,2/10/19,2/8/19,2,0
37,Bert,Bottom,1,37_1,4.6,15,0,2/11/19,2/8/19,3,0
37,Bert,Bottom,1,37_1,dead,dead,dead,2/27/19,2/8/19,19,0
37,Bert,Bottom,1,37_1,dead,dead,dead,3/1/19,2/8/19,21,0
37,Bert,Bottom,1,37_1,dead,dead,dead,3/4/19,2/8/19,24,0
37,Bert,Bottom,1,37_1,dead,dead,dead,3/6/19,2/8/19,26,0
37,Bert,Bottom,1,37_1,0,0,0,2/8/19,2/8/19,0,0
38,Bert,Top,1,38_1,dead,dead,dead,2/25/19,2/8/19,17,0
38,Bert,Top,1,38_1,10.6,20,0,2/22/19,2/8/19,14,0
38,Bert,Top,1,38_1,6,10,0,2/20/19,2/8/19,12,0
38,Bert,Top,1,38_1,1.9,10,0,2/10/19,2/8/19,2,0
38,Bert,Top,1,38_1,1.8,8,0.1,2/11/19,2/8/19,3,0
38,Bert,Top,1,38_1,1.9,8,0.1,2/13/19,2/8/19,5,0
38,Bert,Top,1,38_1,2.2,8,0.1,2/15/19,2/8/19,7,0
38,Bert,Top,1,38_1,6,10,0,2/18/19,2/8/19,10,0
38,Bert,Top,1,38_1,dead,dead,dead,2/27/19,2/8/19,19,0
38,Bert,Top,1,38_1,dead,dead,dead,3/1/19,2/8/19,21,0
38,Bert,Top,1,38_1,dead,dead,dead,3/4/19,2/8/19,24,0
38,Bert,Top,1,38_1,dead,dead,dead,3/6/19,2/8/19,26,0
38,Bert,Top,1,38_1,0,0,0,2/8/19,2/8/19,0,0
40,Bert,Top,1,40_1,0,0,2,2/20/19,2/8/19,12,0
40,Bert,Top,1,40_1,0,0,5,2/22/19,2/8/19,14,0
40,Bert,Top,1,40_1,0,0,10,2/25/19,2/8/19,17,0
40,Bert,Top,1,40_1,0,0,15,2/27/19,2/8/19,19,0
40,Bert,Top,1,40_1,0,0,30,3/1/19,2/8/19,21,0
40,Bert,Top,1,40_1,0,0,0,2/18/19,2/8/19,10,0
40,Bert,Top,1,40_1,0,0,30,3/4/19,2/8/19,24,0
40,Bert,Top,1,40_1,0,0,0,2/11/19,2/8/19,3,0
40,Bert,Top,1,40_1,0,0,0,2/10/19,2/8/19,2,0
40,Bert,Top,1,40_1,0,0,0,2/13/19,2/8/19,5,0
40,Bert,Top,1,40_1,0,0,0,2/15/19,2/8/19,7,0
40,Bert,Top,1,40_1,0,0,dead,3/6/19,2/8/19,26,0
40,Bert,Top,1,40_1,0,0,0,2/8/19,2/8/19,0,0
41,Ernie,Top,1,41_1,0,0,0,2/10/19,2/8/19,2,0
41,Ernie,Top,1,41_1,0,0,0,2/11/19,2/8/19,3,0
41,Ernie,Top,1,41_1,0,0,0,2/13/19,2/8/19,5,0
41,Ernie,Top,1,41_1,0,0,0,2/15/19,2/8/19,7,0
41,Ernie,Top,1,41_1,0,0,0,2/18/19,2/8/19,10,0
41,Ernie,Top,1,41_1,0,0,0,2/20/19,2/8/19,12,0
41,Ernie,Top,1,41_1,0,0,0,2/22/19,2/8/19,14,0
41,Ernie,Top,1,41_1,0,0,0,2/25/19,2/8/19,17,0
41,Ernie,Top,1,41_1,0,0,0,2/27/19,2/8/19,19,0
41,Ernie,Top,1,41_1,0,0,0,3/1/19,2/8/19,21,0
41,Ernie,Top,1,41_1,0,0,0,3/4/19,2/8/19,24,0
41,Ernie,Top,1,41_1,dead,dead,dead,3/6/19,2/8/19,26,0
41,Ernie,Top,1,41_1,0,0,0,2/8/19,2/8/19,0,0
42,Bert,Bottom,1,42_1,0,0,0,2/18/19,2/8/19,10,0
42,Bert,Bottom,1,42_1,0,0,0,2/11/19,2/8/19,3,0
42,Bert,Bottom,1,42_1,0,0,0.1,2/22/19,2/8/19,14,0
42,Bert,Bottom,1,42_1,0,0,0.1,2/25/19,2/8/19,17,0
42,Bert,Bottom,1,42_1,0,0,1,2/27/19,2/8/19,19,0
42,Bert,Bottom,1,42_1,0,0,2,3/1/19,2/8/19,21,0
42,Bert,Bottom,1,42_1,0,0,0,2/10/19,2/8/19,2,0
42,Bert,Bottom,1,42_1,0,0,2,3/4/19,2/8/19,24,0
42,Bert,Bottom,1,42_1,0,0,5,3/6/19,2/8/19,26,0
42,Bert,Bottom,1,42_1,0,0,0,2/13/19,2/8/19,5,0
42,Bert,Bottom,1,42_1,0,0,0,2/15/19,2/8/19,7,0
42,Bert,Bottom,1,42_1,0,0,0,2/20/19,2/8/19,12,0
42,Bert,Bottom,1,42_1,0,0,0,2/8/19,2/8/19,0,0
43,Bert,Bottom,1,43_1,6,40,0,2/18/19,2/8/19,10,0
43,Bert,Bottom,1,43_1,dead,dead,dead,2/20/19,2/8/19,12,0
43,Bert,Bottom,1,43_1,dead,dead,0,2/22/19,2/8/19,14,0
43,Bert,Bottom,1,43_1,dead,dead,dead,2/25/19,2/8/19,17,0
43,Bert,Bottom,1,43_1,2.2,15,0,2/11/19,2/8/19,3,0
43,Bert,Bottom,1,43_1,4.6,20,0,2/15/19,2/8/19,7,0
43,Bert,Bottom,1,43_1,4,15,0,2/13/19,2/8/19,5,0
43,Bert,Bottom,1,43_1,1.8,15,0,2/10/19,2/8/19,2,0
43,Bert,Bottom,1,43_1,dead,dead,dead,2/27/19,2/8/19,19,0
43,Bert,Bottom,1,43_1,dead,dead,dead,3/1/19,2/8/19,21,0
43,Bert,Bottom,1,43_1,dead,dead,dead,3/4/19,2/8/19,24,0
43,Bert,Bottom,1,43_1,dead,dead,dead,3/6/19,2/8/19,26,0
43,Bert,Bottom,1,43_1,0,0,0,2/8/19,2/8/19,0,0
44,Ernie,Top,1,44_1,2.2,3,0,2/20/19,2/8/19,12,0
44,Ernie,Top,1,44_1,2.1,5,0,2/10/19,2/8/19,2,0
44,Ernie,Top,1,44_1,2.1,5,0,2/13/19,2/8/19,5,0
44,Ernie,Top,1,44_1,2.1,2,0,2/15/19,2/8/19,7,0
44,Ernie,Top,1,44_1,2,3,0,2/22/19,2/8/19,14,0
44,Ernie,Top,1,44_1,2,3,0,2/25/19,2/8/19,17,0
44,Ernie,Top,1,44_1,2,5,0,2/11/19,2/8/19,3,0
44,Ernie,Top,1,44_1,2.2,3,0,2/18/19,2/8/19,10,0
44,Ernie,Top,1,44_1,2,3,0,2/27/19,2/8/19,19,0
44,Ernie,Top,1,44_1,2,3,0,3/1/19,2/8/19,21,0
44,Ernie,Top,1,44_1,2,3,0,3/4/19,2/8/19,24,0
44,Ernie,Top,1,44_1,2.6,5,0,3/6/19,2/8/19,26,0
44,Ernie,Top,1,44_1,0,0,0,2/8/19,2/8/19,0,0
45,Bert,Bottom,1,45_1,1.7,3,0,2/18/19,2/8/19,10,0
45,Bert,Bottom,1,45_1,1.8,3,0,2/11/19,2/8/19,3,0
45,Bert,Bottom,1,45_1,2.1,5,0,2/25/19,2/8/19,17,0
45,Bert,Bottom,1,45_1,1.7,3,0,2/20/19,2/8/19,12,0
45,Bert,Bottom,1,45_1,1.7,3,0,2/22/19,2/8/19,14,0
45,Bert,Bottom,1,45_1,1.6,3,0,2/13/19,2/8/19,5,0
45,Bert,Bottom,1,45_1,1.6,3,0,2/15/19,2/8/19,7,0
45,Bert,Bottom,1,45_1,0.8,1,0,2/10/19,2/8/19,2,0
45,Bert,Bottom,1,45_1,3.5,8,0,2/27/19,2/8/19,19,0
45,Bert,Bottom,1,45_1,5,20,0,3/1/19,2/8/19,21,0
45,Bert,Bottom,1,45_1,dead,dead,dead,3/4/19,2/8/19,24,0
45,Bert,Bottom,1,45_1,dead,dead,dead,3/6/19,2/8/19,26,0
45,Bert,Bottom,1,45_1,0,0,0,2/8/19,2/8/19,0,0
46,Ernie,Bottom,1,46_1,1.9,3,0,2/25/19,2/8/19,17,0
46,Ernie,Bottom,1,46_1,1.8,3,0,2/13/19,2/8/19,5,0
46,Ernie,Bottom,1,46_1,1.8,3,0,2/15/19,2/8/19,7,0
46,Ernie,Bottom,1,46_1,1.7,3,0,2/20/19,2/8/19,12,0
46,Ernie,Bottom,1,46_1,1.7,3,0,2/22/19,2/8/19,14,0
46,Ernie,Bottom,1,46_1,1.5,5,0,2/10/19,2/8/19,2,0
46,Ernie,Bottom,1,46_1,1.8,5,0,2/11/19,2/8/19,3,0
46,Ernie,Bottom,1,46_1,1.8,3,0,2/18/19,2/8/19,10,0
46,Ernie,Bottom,1,46_1,1.9,3,0,2/27/19,2/8/19,19,0
46,Ernie,Bottom,1,46_1,1.9,3,0,3/1/19,2/8/19,21,0
46,Ernie,Bottom,1,46_1,1.9,3,0,3/4/19,2/8/19,24,0
46,Ernie,Bottom,1,46_1,2,3,0,3/6/19,2/8/19,26,0
46,Ernie,Bottom,1,46_1,0,0,0,2/8/19,2/8/19,0,0
47,Bert,Top,1,47_1,0,0,0,2/18/19,2/8/19,10,0
47,Bert,Top,1,47_1,0,0,0,2/11/19,2/8/19,3,0
47,Bert,Top,1,47_1,0,0,0,2/10/19,2/8/19,2,0
47,Bert,Top,1,47_1,0,0,0,2/13/19,2/8/19,5,0
47,Bert,Top,1,47_1,0,0,0,2/15/19,2/8/19,7,0
47,Bert,Top,1,47_1,0,0,0,2/20/19,2/8/19,12,0
47,Bert,Top,1,47_1,0,0,0,2/22/19,2/8/19,14,0
47,Bert,Top,1,47_1,0,0,0,2/25/19,2/8/19,17,0
47,Bert,Top,1,47_1,0,0,0,2/27/19,2/8/19,19,0
47,Bert,Top,1,47_1,0,0,0,3/1/19,2/8/19,21,0
47,Bert,Top,1,47_1,0,0,0,3/4/19,2/8/19,24,0
47,Bert,Top,1,47_1,dead,dead,dead,3/6/19,2/8/19,26,0
47,Bert,Top,1,47_1,0,0,0,2/8/19,2/8/19,0,0
48,Bert,Top,1,48_1,0,0,0,2/18/19,2/8/19,10,0
48,Bert,Top,1,48_1,0,0,0,2/11/19,2/8/19,3,0
48,Bert,Top,1,48_1,0,0,0,2/10/19,2/8/19,2,0
48,Bert,Top,1,48_1,0,0,0,2/13/19,2/8/19,5,0
48,Bert,Top,1,48_1,0,0,0,2/15/19,2/8/19,7,0
48,Bert,Top,1,48_1,0,0,0,2/20/19,2/8/19,12,0
48,Bert,Top,1,48_1,0,0,0,2/22/19,2/8/19,14,0
48,Bert,Top,1,48_1,0,0,0,2/25/19,2/8/19,17,0
48,Bert,Top,1,48_1,0,0,0,2/27/19,2/8/19,19,0
48,Bert,Top,1,48_1,0,0,0,3/1/19,2/8/19,21,0
48,Bert,Top,1,48_1,0,0,0,3/4/19,2/8/19,24,0
48,Bert,Top,1,48_1,0,0,0,3/6/19,2/8/19,26,0
48,Bert,Top,1,48_1,0,0,0,2/8/19,2/8/19,0,0
49,Ernie,Bottom,1,49_1,1,2,0,2/22/19,2/8/19,14,0
49,Ernie,Bottom,1,49_1,1,2,0,2/25/19,2/8/19,17,0
49,Ernie,Bottom,1,49_1,0.8,2,0,2/20/19,2/8/19,12,0
49,Ernie,Bottom,1,49_1,0.7,2,0,2/13/19,2/8/19,5,0
49,Ernie,Bottom,1,49_1,0.7,2,0,2/15/19,2/8/19,7,0
49,Ernie,Bottom,1,49_1,0.5,1,0,2/10/19,2/8/19,2,0
49,Ernie,Bottom,1,49_1,1,2,0,2/18/19,2/8/19,10,0
49,Ernie,Bottom,1,49_1,0.6,1,0,2/11/19,2/8/19,3,0
49,Ernie,Bottom,1,49_1,1,2,0,2/27/19,2/8/19,19,0
49,Ernie,Bottom,1,49_1,1.1,2,0,3/1/19,2/8/19,21,0
49,Ernie,Bottom,1,49_1,1.1,2,0,3/4/19,2/8/19,24,0
49,Ernie,Bottom,1,49_1,1.1,2,0,3/6/19,2/8/19,26,0
49,Ernie,Bottom,1,49_1,0,0,0,2/8/19,2/8/19,0,0
50,Bert,Bottom,1,50_1,dead,dead,dead,2/20/19,2/8/19,12,0
50,Bert,Bottom,1,50_1,dead,dead,dead,2/22/19,2/8/19,14,0
50,Bert,Bottom,1,50_1,dead,dead,dead,2/25/19,2/8/19,17,0
50,Bert,Bottom,1,50_1,4.4,7,0,2/13/19,2/8/19,5,0
50,Bert,Bottom,1,50_1,4.4,7,0,2/15/19,2/8/19,7,0
50,Bert,Bottom,1,50_1,3.1,5,0,2/10/19,2/8/19,2,0
50,Bert,Bottom,1,50_1,9.9,30,0,2/18/19,2/8/19,10,0
50,Bert,Bottom,1,50_1,4.5,8,0,2/11/19,2/8/19,3,0
50,Bert,Bottom,1,50_1,dead,dead,dead,2/27/19,2/8/19,19,0
50,Bert,Bottom,1,50_1,dead,dead,dead,3/1/19,2/8/19,21,0
50,Bert,Bottom,1,50_1,dead,dead,dead,3/4/19,2/8/19,24,0
50,Bert,Bottom,1,50_1,dead,dead,dead,3/6/19,2/8/19,26,0
50,Bert,Bottom,1,50_1,0,0,0,2/8/19,2/8/19,0,0
51,Bert,Bottom,1,51_1,dead,dead,dead,2/25/19,2/8/19,17,0
51,Bert,Bottom,1,51_1,2.8,5,0,2/20/19,2/8/19,12,0
51,Bert,Bottom,1,51_1,2.8,5,0,2/22/19,2/8/19,14,0
51,Bert,Bottom,1,51_1,2.7,25,0,2/15/19,2/8/19,7,0
51,Bert,Bottom,1,51_1,2.8,25,0,2/18/19,2/8/19,10,0
51,Bert,Bottom,1,51_1,1.6,3,0,2/11/19,2/8/19,3,0
51,Bert,Bottom,1,51_1,1.6,3,0,2/13/19,2/8/19,5,0
51,Bert,Bottom,1,51_1,1.5,5,0,2/10/19,2/8/19,2,0
51,Bert,Bottom,1,51_1,dead,dead,dead,2/27/19,2/8/19,19,0
51,Bert,Bottom,1,51_1,dead,dead,dead,3/1/19,2/8/19,21,0
51,Bert,Bottom,1,51_1,dead,dead,dead,3/4/19,2/8/19,24,0
51,Bert,Bottom,1,51_1,dead,dead,dead,3/6/19,2/8/19,26,0
51,Bert,Bottom,1,51_1,0,0,0,2/8/19,2/8/19,0,0
52,Ernie,Top,1,52_1,0,0,0,2/10/19,2/8/19,2,0
52,Ernie,Top,1,52_1,0,0,0,2/11/19,2/8/19,3,0
52,Ernie,Top,1,52_1,0,0,0,2/13/19,2/8/19,5,0
52,Ernie,Top,1,52_1,0,0,0,2/15/19,2/8/19,7,0
52,Ernie,Top,1,52_1,0,0,0,2/18/19,2/8/19,10,0
52,Ernie,Top,1,52_1,0,0,0,2/20/19,2/8/19,12,0
52,Ernie,Top,1,52_1,0,0,0,2/22/19,2/8/19,14,0
52,Ernie,Top,1,52_1,0,0,0,2/25/19,2/8/19,17,0
52,Ernie,Top,1,52_1,0,0,0,2/27/19,2/8/19,19,0
52,Ernie,Top,1,52_1,0,0,0,3/1/19,2/8/19,21,0
52,Ernie,Top,1,52_1,0,0,0,3/4/19,2/8/19,24,0
52,Ernie,Top,1,52_1,dead,dead,dead,3/6/19,2/8/19,26,0
52,Ernie,Top,1,52_1,0,0,0,2/8/19,2/8/19,0,0
53,Ernie,Top,1,53_1,0,0,0,2/10/19,2/8/19,2,0
53,Ernie,Top,1,53_1,0,0,0,2/11/19,2/8/19,3,0
53,Ernie,Top,1,53_1,0,0,0,2/13/19,2/8/19,5,0
53,Ernie,Top,1,53_1,0,0,1,2/22/19,2/8/19,14,0
53,Ernie,Top,1,53_1,0,0,0,2/15/19,2/8/19,7,0
53,Ernie,Top,1,53_1,0,0,1,2/25/19,2/8/19,17,0
53,Ernie,Top,1,53_1,0,0,1,2/27/19,2/8/19,19,0
53,Ernie,Top,1,53_1,0,0,0,2/18/19,2/8/19,10,0
53,Ernie,Top,1,53_1,0,0,1,3/1/19,2/8/19,21,0
53,Ernie,Top,1,53_1,0,0,1,3/4/19,2/8/19,24,0
53,Ernie,Top,1,53_1,0,0,2,3/6/19,2/8/19,26,0
53,Ernie,Top,1,53_1,0,0,0,2/20/19,2/8/19,12,0
53,Ernie,Top,1,53_1,0,0,0,2/8/19,2/8/19,0,0
54,Bert,Bottom,1,54_1,dead,dead,dead,2/22/19,2/8/19,14,0
54,Bert,Bottom,1,54_1,dead,dead,dead,2/25/19,2/8/19,17,0
54,Bert,Bottom,1,54_1,4.3,20,0,2/20/19,2/8/19,12,0
54,Bert,Bottom,1,54_1,3.5,4,0,2/18/19,2/8/19,10,0
54,Bert,Bottom,1,54_1,2.4,3,0,2/13/19,2/8/19,5,0
54,Bert,Bottom,1,54_1,2.4,3,0,2/15/19,2/8/19,7,0
54,Bert,Bottom,1,54_1,2.2,5,0,2/10/19,2/8/19,2,0
54,Bert,Bottom,1,54_1,2.3,3,0,2/11/19,2/8/19,3,0
54,Bert,Bottom,1,54_1,dead,dead,dead,2/27/19,2/8/19,19,0
54,Bert,Bottom,1,54_1,dead,dead,dead,3/1/19,2/8/19,21,0
54,Bert,Bottom,1,54_1,dead,dead,dead,3/4/19,2/8/19,24,0
54,Bert,Bottom,1,54_1,dead,dead,dead,3/6/19,2/8/19,26,0
54,Bert,Bottom,1,54_1,0,0,0,2/8/19,2/8/19,0,0
56,Bert,Top,1,56_1,0,0,0,2/18/19,2/8/19,10,0
56,Bert,Top,1,56_1,0,0,0,2/11/19,2/8/19,3,0
56,Bert,Top,1,56_1,0,0,0,2/10/19,2/8/19,2,0
56,Bert,Top,1,56_1,0,0,0,2/13/19,2/8/19,5,0
56,Bert,Top,1,56_1,0,0,0,2/15/19,2/8/19,7,0
56,Bert,Top,1,56_1,0,0,0,2/20/19,2/8/19,12,0
56,Bert,Top,1,56_1,0,0,0.5,3/4/19,2/8/19,24,0
56,Bert,Top,1,56_1,0,0,3,3/6/19,2/8/19,26,0
56,Bert,Top,1,56_1,0,0,0,2/22/19,2/8/19,14,0
56,Bert,Top,1,56_1,0,0,0,2/25/19,2/8/19,17,0
56,Bert,Top,1,56_1,0,0,0,2/27/19,2/8/19,19,0
56,Bert,Top,1,56_1,0,0,0,3/1/19,2/8/19,21,0
56,Bert,Top,1,56_1,0,0,0,2/8/19,2/8/19,0,0
57,Ernie,Top,1,57_1,1.3,3,0,2/13/19,2/8/19,5,0
57,Ernie,Top,1,57_1,1.1,1,0,2/15/19,2/8/19,7,0
57,Ernie,Top,1,57_1,1.1,7,0,2/25/19,2/8/19,17,0
57,Ernie,Top,1,57_1,1,3,0,2/10/19,2/8/19,2,0
57,Ernie,Top,1,57_1,1,1,0,2/20/19,2/8/19,12,0
57,Ernie,Top,1,57_1,1,7,0,2/22/19,2/8/19,14,0
57,Ernie,Top,1,57_1,1,3,0,2/11/19,2/8/19,3,0
57,Ernie,Top,1,57_1,1.1,1,0,2/18/19,2/8/19,10,0
57,Ernie,Top,1,57_1,1.2,7,0,2/27/19,2/8/19,19,0
57,Ernie,Top,1,57_1,dead,dead,dead,3/1/19,2/8/19,21,0
57,Ernie,Top,1,57_1,dead,dead,dead,3/4/19,2/8/19,24,0
57,Ernie,Top,1,57_1,dead,dead,dead,3/6/19,2/8/19,26,0
57,Ernie,Top,1,57_1,0,0,0,2/8/19,2/8/19,0,0
58,Bert,Top,1,58_1,0,0,0,2/18/19,2/8/19,10,0
58,Bert,Top,1,58_1,0,0,0,2/11/19,2/8/19,3,0
58,Bert,Top,1,58_1,0,0,0,2/10/19,2/8/19,2,0
58,Bert,Top,1,58_1,0,0,0,2/13/19,2/8/19,5,0
58,Bert,Top,1,58_1,0,0,0,2/15/19,2/8/19,7,0
58,Bert,Top,1,58_1,0,0,0,2/20/19,2/8/19,12,0
58,Bert,Top,1,58_1,0,0,0.5,2/27/19,2/8/19,19,0
58,Bert,Top,1,58_1,0,0,0,2/22/19,2/8/19,14,0
58,Bert,Top,1,58_1,0,0,0,2/25/19,2/8/19,17,0
58,Bert,Top,1,58_1,0,0,0,3/1/19,2/8/19,21,0
58,Bert,Top,1,58_1,0,0,0,3/4/19,2/8/19,24,0
58,Bert,Top,1,58_1,0,0,0,3/6/19,2/8/19,26,0
58,Bert,Top,1,58_1,0,0,0,2/8/19,2/8/19,0,0
59,Bert,Top,1,59_1,0,0,0,2/18/19,2/8/19,10,0
59,Bert,Top,1,59_1,0,0,0,2/11/19,2/8/19,3,0
59,Bert,Top,1,59_1,0,0,0,2/10/19,2/8/19,2,0
59,Bert,Top,1,59_1,0,0,0,2/13/19,2/8/19,5,0
59,Bert,Top,1,59_1,0,0,0,2/20/19,2/8/19,12,0
59,Bert,Top,1,59_1,0,0,0.3,2/15/19,2/8/19,7,0
59,Bert,Top,1,59_1,0,0,0,2/22/19,2/8/19,14,0
59,Bert,Top,1,59_1,0,0,0,2/25/19,2/8/19,17,0
59,Bert,Top,1,59_1,0,0,0,2/27/19,2/8/19,19,0
59,Bert,Top,1,59_1,0,0,0,3/1/19,2/8/19,21,0
59,Bert,Top,1,59_1,dead,dead,dead,3/4/19,2/8/19,24,0
59,Bert,Top,1,59_1,dead,dead,dead,3/6/19,2/8/19,26,0
59,Bert,Top,1,59_1,0,0,0,2/8/19,2/8/19,0,0
60,Bert,Bottom,1,60_1,dead,dead,dead,2/15/19,2/8/19,7,0
60,Bert,Bottom,1,60_1,dead,dead,dead,2/20/19,2/8/19,12,0
60,Bert,Bottom,1,60_1,dead,dead,dead,2/22/19,2/8/19,14,0
60,Bert,Bottom,1,60_1,dead,dead,dead,2/25/19,2/8/19,17,0
60,Bert,Bottom,1,60_1,5.2,25,0,2/13/19,2/8/19,5,0
60,Bert,Bottom,1,60_1,3.7,8,0,2/10/19,2/8/19,2,0
60,Bert,Bottom,1,60_1,dead,dead,dead,2/18/19,2/8/19,10,0
60,Bert,Bottom,1,60_1,4.6,20,0,2/11/19,2/8/19,3,0
60,Bert,Bottom,1,60_1,dead,dead,dead,2/27/19,2/8/19,19,0
60,Bert,Bottom,1,60_1,dead,dead,dead,3/1/19,2/8/19,21,0
60,Bert,Bottom,1,60_1,dead,dead,dead,3/4/19,2/8/19,24,0
60,Bert,Bottom,1,60_1,dead,dead,dead,3/6/19,2/8/19,26,0
60,Bert,Bottom,1,60_1,0,0,0,2/8/19,2/8/19,0,0
61,Bert,Bottom,1,61_1,0.8,1,0,2/18/19,2/8/19,10,0
61,Bert,Bottom,1,61_1,0.7,1,0,2/11/19,2/8/19,3,0
61,Bert,Bottom,1,61_1,0.8,1,0,2/13/19,2/8/19,5,0
61,Bert,Bottom,1,61_1,0.8,1,0,2/15/19,2/8/19,7,0
61,Bert,Bottom,1,61_1,0.5,1,0,2/10/19,2/8/19,2,0
61,Bert,Bottom,1,61_1,0.6,1,1,2/20/19,2/8/19,12,0
61,Bert,Bottom,1,61_1,0.8,1,3,2/22/19,2/8/19,14,0
61,Bert,Bottom,1,61_1,0.8,1,5,2/25/19,2/8/19,17,0
61,Bert,Bottom,1,61_1,0.8,1,5,2/27/19,2/8/19,19,0
61,Bert,Bottom,1,61_1,0.8,1,0.5,3/1/19,2/8/19,21,0
61,Bert,Bottom,1,61_1,0.8,1,0.5,3/4/19,2/8/19,24,0
61,Bert,Bottom,1,61_1,0.8,1,1,3/6/19,2/8/19,26,0
61,Bert,Bottom,1,61_1,0,0,0,2/8/19,2/8/19,0,0
62,Bert,Bottom,1,62_1,0,0,0,2/18/19,2/8/19,10,0
62,Bert,Bottom,1,62_1,0,0,0,2/11/19,2/8/19,3,0
62,Bert,Bottom,1,62_1,0,0,0,2/10/19,2/8/19,2,0
62,Bert,Bottom,1,62_1,0,0,0,2/13/19,2/8/19,5,0
62,Bert,Bottom,1,62_1,0,0,0,2/15/19,2/8/19,7,0
62,Bert,Bottom,1,62_1,0,0,0,2/20/19,2/8/19,12,0
62,Bert,Bottom,1,62_1,0,0,0,2/22/19,2/8/19,14,0
62,Bert,Bottom,1,62_1,0,0,0,2/25/19,2/8/19,17,0
62,Bert,Bottom,1,62_1,0,0,0,2/27/19,2/8/19,19,0
62,Bert,Bottom,1,62_1,0,0,0,3/1/19,2/8/19,21,0
62,Bert,Bottom,1,62_1,0,0,0,3/4/19,2/8/19,24,0
62,Bert,Bottom,1,62_1,0,0,0,3/6/19,2/8/19,26,0
62,Bert,Bottom,1,62_1,0,0,0,2/8/19,2/8/19,0,0
63,Ernie,Bottom,1,63_1,1.4,5,0,2/13/19,2/8/19,5,0
63,Ernie,Bottom,1,63_1,1.3,4,0,2/15/19,2/8/19,7,0
63,Ernie,Bottom,1,63_1,1.2,4,0,2/22/19,2/8/19,14,0
63,Ernie,Bottom,1,63_1,1.2,4,0,2/25/19,2/8/19,17,0
63,Ernie,Bottom,1,63_1,1.1,4,0,2/20/19,2/8/19,12,0
63,Ernie,Bottom,1,63_1,0.9,1,0,2/10/19,2/8/19,2,0
63,Ernie,Bottom,1,63_1,1.3,4,0,2/18/19,2/8/19,10,0
63,Ernie,Bottom,1,63_1,1.1,5,0,2/11/19,2/8/19,3,0
63,Ernie,Bottom,1,63_1,1.2,4,0,2/27/19,2/8/19,19,0
63,Ernie,Bottom,1,63_1,1.3,4,0,3/1/19,2/8/19,21,0
63,Ernie,Bottom,1,63_1,1.3,4,0,3/4/19,2/8/19,24,0
63,Ernie,Bottom,1,63_1,1.3,4,0,3/6/19,2/8/19,26,0
63,Ernie,Bottom,1,63_1,0,0,0,2/8/19,2/8/19,0,0
64,Bert,Bottom,1,64_1,dead,dead,dead,2/15/19,2/8/19,7,0
64,Bert,Bottom,1,64_1,dead,dead,dead,2/20/19,2/8/19,12,0
64,Bert,Bottom,1,64_1,dead,dead,dead,2/22/19,2/8/19,14,0
64,Bert,Bottom,1,64_1,dead,dead,dead,2/25/19,2/8/19,17,0
64,Bert,Bottom,1,64_1,dead,dead,dead,2/18/19,2/8/19,10,0
64,Bert,Bottom,1,64_1,5.7,30,0,2/13/19,2/8/19,5,0
64,Bert,Bottom,1,64_1,4,20,0,2/10/19,2/8/19,2,0
64,Bert,Bottom,1,64_1,5.2,30,0,2/11/19,2/8/19,3,0
64,Bert,Bottom,1,64_1,dead,dead,dead,2/27/19,2/8/19,19,0
64,Bert,Bottom,1,64_1,dead,dead,dead,3/1/19,2/8/19,21,0
64,Bert,Bottom,1,64_1,dead,dead,dead,3/4/19,2/8/19,24,0
64,Bert,Bottom,1,64_1,dead,dead,dead,3/6/19,2/8/19,26,0
64,Bert,Bottom,1,64_1,0,0,0,2/8/19,2/8/19,0,0
65,Bert,Bottom,1,65_1,4.5,15,0,2/11/19,2/8/19,3,0
65,Bert,Bottom,1,65_1,6.1,20,0,2/18/19,2/8/19,10,0
65,Bert,Bottom,1,65_1,dead,dead,dead,2/20/19,2/8/19,12,0
65,Bert,Bottom,1,65_1,dead,dead,dead,2/22/19,2/8/19,14,0
65,Bert,Bottom,1,65_1,dead,dead,dead,2/25/19,2/8/19,17,0
65,Bert,Bottom,1,65_1,5.6,15,0,2/15/19,2/8/19,7,0
65,Bert,Bottom,1,65_1,4.6,15,0,2/13/19,2/8/19,5,0
65,Bert,Bottom,1,65_1,3.5,10,0,2/10/19,2/8/19,2,0
65,Bert,Bottom,1,65_1,dead,dead,dead,2/27/19,2/8/19,19,0
65,Bert,Bottom,1,65_1,dead,dead,dead,3/1/19,2/8/19,21,0
65,Bert,Bottom,1,65_1,dead,dead,dead,3/4/19,2/8/19,24,0
65,Bert,Bottom,1,65_1,dead,dead,dead,3/6/19,2/8/19,26,0
65,Bert,Bottom,1,65_1,0,0,0,2/8/19,2/8/19,0,0
66,Bert,Bottom,1,66_1,0.7,2,0,2/18/19,2/8/19,10,0
66,Bert,Bottom,1,66_1,0.3,0.5,0,2/11/19,2/8/19,3,0
66,Bert,Bottom,1,66_1,1.2,2,0,2/20/19,2/8/19,12,0
66,Bert,Bottom,1,66_1,0.8,2,0,2/22/19,2/8/19,14,0
66,Bert,Bottom,1,66_1,0.8,2,0,2/25/19,2/8/19,17,0
66,Bert,Bottom,1,66_1,0.7,2,0,2/15/19,2/8/19,7,0
66,Bert,Bottom,1,66_1,0.6,2,0,2/13/19,2/8/19,5,0
66,Bert,Bottom,1,66_1,0.4,0.5,0,2/10/19,2/8/19,2,0
66,Bert,Bottom,1,66_1,0.8,2,0,2/27/19,2/8/19,19,0
66,Bert,Bottom,1,66_1,1.6,5,0,3/1/19,2/8/19,21,0
66,Bert,Bottom,1,66_1,1.6,5,0,3/4/19,2/8/19,24,0
66,Bert,Bottom,1,66_1,1.6,5,0,3/6/19,2/8/19,26,0
66,Bert,Bottom,1,66_1,0,0,0,2/8/19,2/8/19,0,0
67,Ernie,Top,1,67_1,0.6,1,0,2/25/19,2/8/19,17,0
67,Ernie,Top,1,67_1,0.5,1,0,2/13/19,2/8/19,5,0
67,Ernie,Top,1,67_1,0.5,1,0,2/22/19,2/8/19,14,0
67,Ernie,Top,1,67_1,0.4,0.5,0,2/10/19,2/8/19,2,0
67,Ernie,Top,1,67_1,0.4,1,0,2/15/19,2/8/19,7,0
67,Ernie,Top,1,67_1,0.4,1,0,2/20/19,2/8/19,12,0
67,Ernie,Top,1,67_1,0.5,0.5,0,2/11/19,2/8/19,3,0
67,Ernie,Top,1,67_1,0.4,1,0,2/18/19,2/8/19,10,0
67,Ernie,Top,1,67_1,0.6,1,0,2/27/19,2/8/19,19,0
67,Ernie,Top,1,67_1,dead,dead,dead,3/1/19,2/8/19,21,0
67,Ernie,Top,1,67_1,dead,dead,dead,3/4/19,2/8/19,24,0
67,Ernie,Top,1,67_1,dead,dead,dead,3/6/19,2/8/19,26,0
67,Ernie,Top,1,67_1,0,0,0,2/8/19,2/8/19,0,0
68,Ernie,Bottom,1,68_1,3.1,10,0,2/25/19,2/8/19,17,0
68,Ernie,Bottom,1,68_1,3,10,0,2/22/19,2/8/19,14,0
68,Ernie,Bottom,1,68_1,2.8,3,0,2/13/19,2/8/19,5,0
68,Ernie,Bottom,1,68_1,2.4,3,0,2/15/19,2/8/19,7,0
68,Ernie,Bottom,1,68_1,2.4,3,0,2/20/19,2/8/19,12,0
68,Ernie,Bottom,1,68_1,1.7,5,0,2/10/19,2/8/19,2,0
68,Ernie,Bottom,1,68_1,2.4,3,0,2/18/19,2/8/19,10,0
68,Ernie,Bottom,1,68_1,2.3,5,0,2/11/19,2/8/19,3,0
68,Ernie,Bottom,1,68_1,3.1,10,0,2/27/19,2/8/19,19,0
68,Ernie,Bottom,1,68_1,3.6,10,0,3/1/19,2/8/19,21,0
68,Ernie,Bottom,1,68_1,3.6,10,0,3/4/19,2/8/19,24,0
68,Ernie,Bottom,1,68_1,dead,dead,dead,3/6/19,2/8/19,26,0
68,Ernie,Bottom,1,68_1,0,0,0,2/8/19,2/8/19,0,0
69,Bert,Bottom,1,69_1,0,0,0,2/18/19,2/8/19,10,0
69,Bert,Bottom,1,69_1,0,0,0,2/11/19,2/8/19,3,0
69,Bert,Bottom,1,69_1,0,0,0,2/10/19,2/8/19,2,0
69,Bert,Bottom,1,69_1,0,0,0,2/13/19,2/8/19,5,0
69,Bert,Bottom,1,69_1,0,0,0,2/15/19,2/8/19,7,0
69,Bert,Bottom,1,69_1,0,0,0,2/20/19,2/8/19,12,0
69,Bert,Bottom,1,69_1,0,0,0.1,2/22/19,2/8/19,14,0
69,Bert,Bottom,1,69_1,0,0,0.1,2/25/19,2/8/19,17,0
69,Bert,Bottom,1,69_1,0,0,50,2/27/19,2/8/19,19,0
69,Bert,Bottom,1,69_1,dead,dead,dead,3/1/19,2/8/19,21,0
69,Bert,Bottom,1,69_1,dead,dead,dead,3/4/19,2/8/19,24,0
69,Bert,Bottom,1,69_1,dead,dead,dead,3/6/19,2/8/19,26,0
69,Bert,Bottom,1,69_1,0,0,0,2/8/19,2/8/19,0,0
70,Ernie,Bottom,1,70_1,0,0,0,2/10/19,2/8/19,2,0
70,Ernie,Bottom,1,70_1,0,0,0,2/11/19,2/8/19,3,0
70,Ernie,Bottom,1,70_1,0,0,0,2/13/19,2/8/19,5,0
70,Ernie,Bottom,1,70_1,0,0,0,2/15/19,2/8/19,7,0
70,Ernie,Bottom,1,70_1,0,0,0,2/18/19,2/8/19,10,0
70,Ernie,Bottom,1,70_1,0,0,0,2/20/19,2/8/19,12,0
70,Ernie,Bottom,1,70_1,0,0,0,2/22/19,2/8/19,14,0
70,Ernie,Bottom,1,70_1,0,0,0,2/25/19,2/8/19,17,0
70,Ernie,Bottom,1,70_1,0,0,0,2/27/19,2/8/19,19,0
70,Ernie,Bottom,1,70_1,0,0,0,3/1/19,2/8/19,21,0
70,Ernie,Bottom,1,70_1,0,0,0,3/4/19,2/8/19,24,0
70,Ernie,Bottom,1,70_1,dead,dead,dead,3/6/19,2/8/19,26,0
70,Ernie,Bottom,1,70_1,0,0,0,2/8/19,2/8/19,0,0
71,Bert,Bottom,1,71_1,0,0,0,2/18/19,2/8/19,10,0
71,Bert,Bottom,1,71_1,0,0,0,2/11/19,2/8/19,3,0
71,Bert,Bottom,1,71_1,0,0,0,2/10/19,2/8/19,2,0
71,Bert,Bottom,1,71_1,0,0,0,2/13/19,2/8/19,5,0
71,Bert,Bottom,1,71_1,0,0,0,2/15/19,2/8/19,7,0
71,Bert,Bottom,1,71_1,0,0,0,2/20/19,2/8/19,12,0
71,Bert,Bottom,1,71_1,0,0,0,2/22/19,2/8/19,14,0
71,Bert,Bottom,1,71_1,0,0,0,2/25/19,2/8/19,17,0
71,Bert,Bottom,1,71_1,0,0,10,2/27/19,2/8/19,19,0
71,Bert,Bottom,1,71_1,dead,dead,dead,3/1/19,2/8/19,21,0
71,Bert,Bottom,1,71_1,dead,dead,dead,3/4/19,2/8/19,24,0
71,Bert,Bottom,1,71_1,dead,dead,dead,3/6/19,2/8/19,26,0
71,Bert,Bottom,1,71_1,0,0,0,2/8/19,2/8/19,0,0
72,Ernie,Top,1,72_1,2.2,40,0,2/25/19,2/8/19,17,0
72,Ernie,Top,1,72_1,2.1,20,0,2/15/19,2/8/19,7,0
72,Ernie,Top,1,72_1,2,20,0,2/20/19,2/8/19,12,0
72,Ernie,Top,1,72_1,2,20,0,2/22/19,2/8/19,14,0
72,Ernie,Top,1,72_1,1.9,20,0,2/13/19,2/8/19,5,0
72,Ernie,Top,1,72_1,1.3,20,0,2/10/19,2/8/19,2,0
72,Ernie,Top,1,72_1,1.9,20,0,2/11/19,2/8/19,3,0
72,Ernie,Top,1,72_1,2.1,20,0,2/18/19,2/8/19,10,0
72,Ernie,Top,1,72_1,3.1,50,5,2/27/19,2/8/19,19,0
72,Ernie,Top,1,72_1,3.5,50,10,3/1/19,2/8/19,21,0
72,Ernie,Top,1,72_1,dead,dead,dead,3/4/19,2/8/19,24,0
72,Ernie,Top,1,72_1,dead,dead,dead,3/6/19,2/8/19,26,0
72,Ernie,Top,1,72_1,0,0,0,2/8/19,2/8/19,0,0
73,Ernie,Bottom,1,73_1,1.8,2,0,2/20/19,2/8/19,12,0
73,Ernie,Bottom,1,73_1,1.7,2,0,2/22/19,2/8/19,14,0
73,Ernie,Bottom,1,73_1,1.7,2,0,2/25/19,2/8/19,17,0
73,Ernie,Bottom,1,73_1,1.4,3,0,2/13/19,2/8/19,5,0
73,Ernie,Bottom,1,73_1,1.2,2,0,2/15/19,2/8/19,7,0
73,Ernie,Bottom,1,73_1,0.9,1,0,2/10/19,2/8/19,2,0
73,Ernie,Bottom,1,73_1,1.2,2,0,2/11/19,2/8/19,3,0
73,Ernie,Bottom,1,73_1,1.8,2,0,2/18/19,2/8/19,10,0
73,Ernie,Bottom,1,73_1,2.2,2,0,2/27/19,2/8/19,19,0
73,Ernie,Bottom,1,73_1,1.8,2,0,3/1/19,2/8/19,21,0
73,Ernie,Bottom,1,73_1,1.8,2,0,3/4/19,2/8/19,24,0
73,Ernie,Bottom,1,73_1,dead,dead,dead,3/6/19,2/8/19,26,0
73,Ernie,Bottom,1,73_1,0,0,0,2/8/19,2/8/19,0,0
75,Bert,Top,1,75_1,1,3,0,2/18/19,2/8/19,10,0
75,Bert,Top,1,75_1,0.9,3,0,2/11/19,2/8/19,3,0
75,Bert,Top,1,75_1,1,3,0,2/13/19,2/8/19,5,0
75,Bert,Top,1,75_1,1,3,0,2/15/19,2/8/19,7,0
75,Bert,Top,1,75_1,1,3,0,2/20/19,2/8/19,12,0
75,Bert,Top,1,75_1,0.9,3,0,2/22/19,2/8/19,14,0
75,Bert,Top,1,75_1,0.9,3,0,2/25/19,2/8/19,17,0
75,Bert,Top,1,75_1,0.6,2,0,2/10/19,2/8/19,2,0
75,Bert,Top,1,75_1,1.2,3,3,3/6/19,2/8/19,26,0
75,Bert,Top,1,75_1,1.1,3,0,2/27/19,2/8/19,19,0
75,Bert,Top,1,75_1,1.2,3,0,3/1/19,2/8/19,21,0
75,Bert,Top,1,75_1,1.2,3,0,3/4/19,2/8/19,24,0
75,Bert,Top,1,75_1,0,0,0,2/8/19,2/8/19,0,0
76,Bert,Top,1,76_1,0.8,2,0,2/18/19,2/8/19,10,0
76,Bert,Top,1,76_1,0.8,2,0,2/11/19,2/8/19,3,0
76,Bert,Top,1,76_1,1,2,0,2/25/19,2/8/19,17,0
76,Bert,Top,1,76_1,0.9,2,0,2/20/19,2/8/19,12,0
76,Bert,Top,1,76_1,0.8,2,0,2/13/19,2/8/19,5,0
76,Bert,Top,1,76_1,0.8,2,0,2/15/19,2/8/19,7,0
76,Bert,Top,1,76_1,0.8,2,0,2/22/19,2/8/19,14,0
76,Bert,Top,1,76_1,0.6,2,0,2/10/19,2/8/19,2,0
76,Bert,Top,1,76_1,0.9,7,0,2/27/19,2/8/19,19,0
76,Bert,Top,1,76_1,0.9,7,0,3/1/19,2/8/19,21,0
76,Bert,Top,1,76_1,0.9,7,0,3/4/19,2/8/19,24,0
76,Bert,Top,1,76_1,0.9,7,0,3/6/19,2/8/19,26,0
76,Bert,Top,1,76_1,0,0,0,2/8/19,2/8/19,0,0
77,Ernie,Bottom,1,77_1,0.4,1,0,2/18/19,2/8/19,10,0
77,Ernie,Bottom,1,77_1,0.5,1,0,2/11/19,2/8/19,3,0
77,Ernie,Bottom,1,77_1,0.5,0.5,0,2/13/19,2/8/19,5,0
77,Ernie,Bottom,1,77_1,0.5,1,0,2/20/19,2/8/19,12,0
77,Ernie,Bottom,1,77_1,0.5,1,0,2/22/19,2/8/19,14,0
77,Ernie,Bottom,1,77_1,0.5,1,0,2/25/19,2/8/19,17,0
77,Ernie,Bottom,1,77_1,0.4,1,0,2/15/19,2/8/19,7,0
77,Ernie,Bottom,1,77_1,0.3,0.5,0,2/10/19,2/8/19,2,0
77,Ernie,Bottom,1,77_1,0.5,1,0,2/27/19,2/8/19,19,0
77,Ernie,Bottom,1,77_1,0.4,1,0,3/1/19,2/8/19,21,0
77,Ernie,Bottom,1,77_1,dead,dead,dead,3/4/19,2/8/19,24,0
77,Ernie,Bottom,1,77_1,dead,dead,dead,3/6/19,2/8/19,26,0
77,Ernie,Bottom,1,77_1,0,0,0,2/8/19,2/8/19,0,0
78,Ernie,Top,1,78_1,0,0,0,2/10/19,2/8/19,2,0
78,Ernie,Top,1,78_1,0,0,0,2/20/19,2/8/19,12,0
78,Ernie,Top,1,78_1,0,0,0,2/22/19,2/8/19,14,0
78,Ernie,Top,1,78_1,0,0,0.1,2/11/19,2/8/19,3,0
78,Ernie,Top,1,78_1,0,0,0.1,2/13/19,2/8/19,5,0
78,Ernie,Top,1,78_1,0,0,0.1,2/15/19,2/8/19,7,0
78,Ernie,Top,1,78_1,0,0,0.1,2/18/19,2/8/19,10,0
78,Ernie,Top,1,78_1,0,0,0.1,2/25/19,2/8/19,17,0
78,Ernie,Top,1,78_1,0,0,0.1,2/27/19,2/8/19,19,0
78,Ernie,Top,1,78_1,0,0,0.1,3/1/19,2/8/19,21,0
78,Ernie,Top,1,78_1,0,0,0.5,3/4/19,2/8/19,24,0
78,Ernie,Top,1,78_1,0,0,0.5,3/6/19,2/8/19,26,0
78,Ernie,Top,1,78_1,0,0,0,2/8/19,2/8/19,0,0
79,Bert,Top,1,79_1,0,0,0,2/11/19,2/8/19,3,0
79,Bert,Top,1,79_1,0,0,0,2/10/19,2/8/19,2,0
79,Bert,Top,1,79_1,0,0,0.1,2/13/19,2/8/19,5,0
79,Bert,Top,1,79_1,0,0,0.1,2/15/19,2/8/19,7,0
79,Bert,Top,1,79_1,0,0,0.1,2/18/19,2/8/19,10,0
79,Bert,Top,1,79_1,0,0,0.1,2/20/19,2/8/19,12,0
79,Bert,Top,1,79_1,0,0,0.5,2/22/19,2/8/19,14,0
79,Bert,Top,1,79_1,0,0,0.5,2/25/19,2/8/19,17,0
79,Bert,Top,1,79_1,0,0,1,2/27/19,2/8/19,19,0
79,Bert,Top,1,79_1,0,0,1,3/1/19,2/8/19,21,0
79,Bert,Top,1,79_1,0,0,1,3/4/19,2/8/19,24,0
79,Bert,Top,1,79_1,0,0,1,3/6/19,2/8/19,26,0
79,Bert,Top,1,79_1,0,0,0,2/8/19,2/8/19,0,0
81,Ernie,Top,1,81_1,2.6,2.6,0,2/13/19,2/8/19,5,0
81,Ernie,Top,1,81_1,2.6,2,0,2/15/19,2/8/19,7,0
81,Ernie,Top,1,81_1,2.5,3,0,2/20/19,2/8/19,12,0
81,Ernie,Top,1,81_1,2.5,3,0,2/22/19,2/8/19,14,0
81,Ernie,Top,1,81_1,2.5,3,0,2/25/19,2/8/19,17,0
81,Ernie,Top,1,81_1,2.4,5,0,2/10/19,2/8/19,2,0
81,Ernie,Top,1,81_1,2.5,5,0,2/11/19,2/8/19,3,0
81,Ernie,Top,1,81_1,2.6,2,0,2/18/19,2/8/19,10,0
81,Ernie,Top,1,81_1,2.7,3,0,2/27/19,2/8/19,19,0
81,Ernie,Top,1,81_1,2.7,3,0,3/1/19,2/8/19,21,0
81,Ernie,Top,1,81_1,dead,dead,dead,3/4/19,2/8/19,24,0
81,Ernie,Top,1,81_1,dead,dead,dead,3/6/19,2/8/19,26,0
81,Ernie,Top,1,81_1,0,0,0,2/8/19,2/8/19,0,0
82,Ernie,Top,1,82_1,0,0,0,2/10/19,2/8/19,2,0
82,Ernie,Top,1,82_1,0,0,0,2/11/19,2/8/19,3,0
82,Ernie,Top,1,82_1,0,0,0,2/13/19,2/8/19,5,0
82,Ernie,Top,1,82_1,0,0,0,2/15/19,2/8/19,7,0
82,Ernie,Top,1,82_1,0,0,0,2/18/19,2/8/19,10,0
82,Ernie,Top,1,82_1,0,0,0,2/20/19,2/8/19,12,0
82,Ernie,Top,1,82_1,0,0,0,2/22/19,2/8/19,14,0
82,Ernie,Top,1,82_1,0,0,0,2/25/19,2/8/19,17,0
82,Ernie,Top,1,82_1,0,0,0,2/27/19,2/8/19,19,0
82,Ernie,Top,1,82_1,0,0,0,3/1/19,2/8/19,21,0
82,Ernie,Top,1,82_1,0,0,0,3/4/19,2/8/19,24,0
82,Ernie,Top,1,82_1,0,0,0,3/6/19,2/8/19,26,0
82,Ernie,Top,1,82_1,0,0,0,2/8/19,2/8/19,0,0
83,Bert,Bottom,1,83_1,dead,dead,dead,2/20/19,2/8/19,12,0
83,Bert,Bottom,1,83_1,dead,dead,dead,2/22/19,2/8/19,14,0
83,Bert,Bottom,1,83_1,dead,dead,dead,2/25/19,2/8/19,17,0
83,Bert,Bottom,1,83_1,8,30,0,2/15/19,2/8/19,7,0
83,Bert,Bottom,1,83_1,7,25,0,2/13/19,2/8/19,5,0
83,Bert,Bottom,1,83_1,11.2,75,0,2/18/19,2/8/19,10,0
83,Bert,Bottom,1,83_1,2.2,10,0,2/10/19,2/8/19,2,0
83,Bert,Bottom,1,83_1,4.2,10,0,2/11/19,2/8/19,3,0
83,Bert,Bottom,1,83_1,dead,dead,dead,2/27/19,2/8/19,19,0
83,Bert,Bottom,1,83_1,dead,dead,dead,3/1/19,2/8/19,21,0
83,Bert,Bottom,1,83_1,dead,dead,dead,3/4/19,2/8/19,24,0
83,Bert,Bottom,1,83_1,dead,dead,dead,3/6/19,2/8/19,26,0
83,Bert,Bottom,1,83_1,0,0,0,2/8/19,2/8/19,0,0
84,Ernie,Top,1,84_1,0,0,0,2/10/19,2/8/19,2,0
84,Ernie,Top,1,84_1,0,0,0,2/11/19,2/8/19,3,0
84,Ernie,Top,1,84_1,0,0,0,2/13/19,2/8/19,5,0
84,Ernie,Top,1,84_1,0,0,0,2/15/19,2/8/19,7,0
84,Ernie,Top,1,84_1,0,0,0,2/18/19,2/8/19,10,0
84,Ernie,Top,1,84_1,0,0,0,2/20/19,2/8/19,12,0
84,Ernie,Top,1,84_1,0,0,0,2/22/19,2/8/19,14,0
84,Ernie,Top,1,84_1,0,0,0,2/25/19,2/8/19,17,0
84,Ernie,Top,1,84_1,0,0,2,3/6/19,2/8/19,26,0
84,Ernie,Top,1,84_1,0,0,0,2/27/19,2/8/19,19,0
84,Ernie,Top,1,84_1,0,0,0,3/1/19,2/8/19,21,0
84,Ernie,Top,1,84_1,0,0,0,3/4/19,2/8/19,24,0
84,Ernie,Top,1,84_1,0,0,0,2/8/19,2/8/19,0,0
86,Ernie,Top,1,86_1,2.2,5,0,2/25/19,2/8/19,17,0
86,Ernie,Top,1,86_1,2.1,5,0,2/22/19,2/8/19,14,0
86,Ernie,Top,1,86_1,2,5,0,2/20/19,2/8/19,12,0
86,Ernie,Top,1,86_1,1.6,5,0,2/10/19,2/8/19,2,0
86,Ernie,Top,1,86_1,1.6,5,0,2/15/19,2/8/19,7,0
86,Ernie,Top,1,86_1,1.5,5,0,2/13/19,2/8/19,5,0
86,Ernie,Top,1,86_1,1.5,5,0,2/11/19,2/8/19,3,0
86,Ernie,Top,1,86_1,1.7,5,0,2/18/19,2/8/19,10,0
86,Ernie,Top,1,86_1,2.2,5,0,2/27/19,2/8/19,19,0
86,Ernie,Top,1,86_1,2.2,5,0,3/1/19,2/8/19,21,0
86,Ernie,Top,1,86_1,2.2,5,0,3/4/19,2/8/19,24,0
86,Ernie,Top,1,86_1,2.2,5,0,3/6/19,2/8/19,26,0
86,Ernie,Top,1,86_1,0,0,0,2/8/19,2/8/19,0,0
87,Bert,Top,1,87_1,1.7,4,0,2/13/19,2/8/19,5,0
87,Bert,Top,1,87_1,1.7,4,0,2/15/19,2/8/19,7,0
87,Bert,Top,1,87_1,1.8,4,0,2/18/19,2/8/19,10,0
87,Bert,Top,1,87_1,1.7,4,0,2/11/19,2/8/19,3,0
87,Bert,Top,1,87_1,0.7,5,0,2/10/19,2/8/19,2,0
87,Bert,Top,1,87_1,1.8,5,0.1,2/20/19,2/8/19,12,0
87,Bert,Top,1,87_1,1.7,5,0.1,2/22/19,2/8/19,14,0
87,Bert,Top,1,87_1,2.7,8,0.1,2/25/19,2/8/19,17,0
87,Bert,Top,1,87_1,2.7,8,1,2/27/19,2/8/19,19,0
87,Bert,Top,1,87_1,5.7,15,1,3/1/19,2/8/19,21,0
87,Bert,Top,1,87_1,5.8,15,1,3/4/19,2/8/19,24,0
87,Bert,Top,1,87_1,dead,dead,dead,3/6/19,2/8/19,26,0
87,Bert,Top,1,87_1,0,0,0,2/8/19,2/8/19,0,0
88,Ernie,Bottom,1,88_1,0,0,0,2/10/19,2/8/19,2,0
88,Ernie,Bottom,1,88_1,0,0,0,2/11/19,2/8/19,3,0
88,Ernie,Bottom,1,88_1,0,0,0,2/13/19,2/8/19,5,0
88,Ernie,Bottom,1,88_1,0,0,0,2/15/19,2/8/19,7,0
88,Ernie,Bottom,1,88_1,0,0,0,2/18/19,2/8/19,10,0
88,Ernie,Bottom,1,88_1,0,0,0,2/20/19,2/8/19,12,0
88,Ernie,Bottom,1,88_1,0,0,0,2/22/19,2/8/19,14,0
88,Ernie,Bottom,1,88_1,0,0,0,2/25/19,2/8/19,17,0
88,Ernie,Bottom,1,88_1,0,0,0,2/27/19,2/8/19,19,0
88,Ernie,Bottom,1,88_1,0,0,0,3/1/19,2/8/19,21,0
88,Ernie,Bottom,1,88_1,0,0,0,3/4/19,2/8/19,24,0
88,Ernie,Bottom,1,88_1,0,0,0,3/6/19,2/8/19,26,0
88,Ernie,Bottom,1,88_1,0,0,0,2/8/19,2/8/19,0,0
92,Ernie,Bottom,1,92_1,0.5,0.5,0,2/10/19,2/8/19,2,0
92,Ernie,Bottom,1,92_1,0.5,0.5,0,2/13/19,2/8/19,5,0
92,Ernie,Bottom,1,92_1,0.5,1,0,2/15/19,2/8/19,7,0
92,Ernie,Bottom,1,92_1,0.5,1,0,2/20/19,2/8/19,12,0
92,Ernie,Bottom,1,92_1,0.5,1,0,2/22/19,2/8/19,14,0
92,Ernie,Bottom,1,92_1,0.5,1,0,2/25/19,2/8/19,17,0
92,Ernie,Bottom,1,92_1,0.5,0.5,0,2/11/19,2/8/19,3,0
92,Ernie,Bottom,1,92_1,0.5,1,0,2/18/19,2/8/19,10,0
92,Ernie,Bottom,1,92_1,1.1,2,0,2/27/19,2/8/19,19,0
92,Ernie,Bottom,1,92_1,0.6,1,0,3/1/19,2/8/19,21,0
92,Ernie,Bottom,1,92_1,0.6,1,0,3/4/19,2/8/19,24,0
92,Ernie,Bottom,1,92_1,dead,dead,dead,3/6/19,2/8/19,26,0
92,Ernie,Bottom,1,92_1,0,0,0,2/8/19,2/8/19,0,0
93,Ernie,Bottom,1,93_1,0,0,0,2/10/19,2/8/19,2,0
93,Ernie,Bottom,1,93_1,0,0,0,2/11/19,2/8/19,3,0
93,Ernie,Bottom,1,93_1,0,0,0,2/13/19,2/8/19,5,0
93,Ernie,Bottom,1,93_1,0,0,0,2/15/19,2/8/19,7,0
93,Ernie,Bottom,1,93_1,0,0,0,2/18/19,2/8/19,10,0
93,Ernie,Bottom,1,93_1,0,0,0,2/20/19,2/8/19,12,0
93,Ernie,Bottom,1,93_1,0,0,0,2/22/19,2/8/19,14,0
93,Ernie,Bottom,1,93_1,0,0,0,2/25/19,2/8/19,17,0
93,Ernie,Bottom,1,93_1,0,0,0,2/27/19,2/8/19,19,0
93,Ernie,Bottom,1,93_1,0,0,0,3/1/19,2/8/19,21,0
93,Ernie,Bottom,1,93_1,0,0,0,3/4/19,2/8/19,24,0
93,Ernie,Bottom,1,93_1,dead,dead,dead,3/6/19,2/8/19,26,0
93,Ernie,Bottom,1,93_1,0,0,0,2/8/19,2/8/19,0,0
94,Ernie,Top,1,94_1,0,0,0,2/10/19,2/8/19,2,0
94,Ernie,Top,1,94_1,0,0,0,2/11/19,2/8/19,3,0
94,Ernie,Top,1,94_1,0,0,0,2/13/19,2/8/19,5,0
94,Ernie,Top,1,94_1,0,0,0,2/15/19,2/8/19,7,0
94,Ernie,Top,1,94_1,0,0,0,2/18/19,2/8/19,10,0
94,Ernie,Top,1,94_1,0,0,0,2/20/19,2/8/19,12,0
94,Ernie,Top,1,94_1,0,0,0,2/22/19,2/8/19,14,0
94,Ernie,Top,1,94_1,0,0,0,2/25/19,2/8/19,17,0
94,Ernie,Top,1,94_1,0,0,0,2/27/19,2/8/19,19,0
94,Ernie,Top,1,94_1,dead,dead,dead,3/1/19,2/8/19,21,0
94,Ernie,Top,1,94_1,dead,dead,dead,3/4/19,2/8/19,24,0
94,Ernie,Top,1,94_1,dead,dead,dead,3/6/19,2/8/19,26,0
94,Ernie,Top,1,94_1,0,0,0,2/8/19,2/8/19,0,0
95,Ernie,Top,1,95_1,1.7,3,0,2/25/19,2/8/19,17,0
95,Ernie,Top,1,95_1,1.1,1.1,0,2/13/19,2/8/19,5,0
95,Ernie,Top,1,95_1,1.1,1,0,2/15/19,2/8/19,7,0
95,Ernie,Top,1,95_1,1,1,0,2/20/19,2/8/19,12,0
95,Ernie,Top,1,95_1,1,1,0,2/22/19,2/8/19,14,0
95,Ernie,Top,1,95_1,0.9,2,0,2/10/19,2/8/19,2,0
95,Ernie,Top,1,95_1,1.1,2,0,2/11/19,2/8/19,3,0
95,Ernie,Top,1,95_1,1.1,1,0,2/18/19,2/8/19,10,0
95,Ernie,Top,1,95_1,1.7,3,0,2/27/19,2/8/19,19,0
95,Ernie,Top,1,95_1,1.8,3,0,3/1/19,2/8/19,21,0
95,Ernie,Top,1,95_1,1.8,3,0,3/4/19,2/8/19,24,0
95,Ernie,Top,1,95_1,dead,dead,dead,3/6/19,2/8/19,26,0
95,Ernie,Top,1,95_1,0,0,0,2/8/19,2/8/19,0,0
96,Bert,Top,1,96_1,1.9,1,0,2/18/19,2/8/19,10,0
96,Bert,Top,1,96_1,1,1,0,2/11/19,2/8/19,3,0
96,Bert,Top,1,96_1,1.6,1,0,2/15/19,2/8/19,7,0
96,Bert,Top,1,96_1,1.2,1,0,2/13/19,2/8/19,5,0
96,Bert,Top,1,96_1,0.2,0.1,0,2/10/19,2/8/19,2,0
96,Bert,Top,1,96_1,2.2,2,0.1,2/20/19,2/8/19,12,0
96,Bert,Top,1,96_1,2.1,2,0.1,2/22/19,2/8/19,14,0
96,Bert,Top,1,96_1,4,5,0.1,2/25/19,2/8/19,17,0
96,Bert,Top,1,96_1,5.1,7,0.1,2/27/19,2/8/19,19,0
96,Bert,Top,1,96_1,5.4,7,0.5,3/1/19,2/8/19,21,0
96,Bert,Top,1,96_1,5.7,8,0.5,3/4/19,2/8/19,24,0
96,Bert,Top,1,96_1,6,10,1,3/6/19,2/8/19,26,0
96,Bert,Top,1,96_1,0,0,0,2/8/19,2/8/19,0,0
97,Bert,Top,1,97_1,dead,dead,0,2/13/19,2/8/19,5,0
97,Bert,Top,1,97_1,dead,dead,0,2/15/19,2/8/19,7,0
97,Bert,Top,1,97_1,dead,dead,dead,2/20/19,2/8/19,12,0
97,Bert,Top,1,97_1,dead,dead,dead,2/22/19,2/8/19,14,0
97,Bert,Top,1,97_1,dead,dead,dead,2/25/19,2/8/19,17,0
97,Bert,Top,1,97_1,2.8,10,0,2/10/19,2/8/19,2,0
97,Bert,Top,1,97_1,dead,dead,dead,2/18/19,2/8/19,10,0
97,Bert,Top,1,97_1,dead,dead,dead,2/11/19,2/8/19,3,0
97,Bert,Top,1,97_1,dead,dead,dead,2/27/19,2/8/19,19,0
97,Bert,Top,1,97_1,dead,dead,dead,3/1/19,2/8/19,21,0
97,Bert,Top,1,97_1,dead,dead,dead,3/4/19,2/8/19,24,0
97,Bert,Top,1,97_1,dead,dead,dead,3/6/19,2/8/19,26,0
97,Bert,Top,1,97_1,0,0,0,2/8/19,2/8/19,0,0
98,Ernie,Bottom,1,98_1,0.2,0.5,0,2/18/19,2/8/19,10,0
98,Ernie,Bottom,1,98_1,0.3,0.5,0,2/11/19,2/8/19,3,0
98,Ernie,Bottom,1,98_1,0.3,0.5,0,2/22/19,2/8/19,14,0
98,Ernie,Bottom,1,98_1,0.2,0.5,0,2/13/19,2/8/19,5,0
98,Ernie,Bottom,1,98_1,0.2,0.5,0,2/15/19,2/8/19,7,0
98,Ernie,Bottom,1,98_1,0.2,0.5,0,2/20/19,2/8/19,12,0
98,Ernie,Bottom,1,98_1,0.2,0.1,0,2/25/19,2/8/19,17,0
98,Ernie,Bottom,1,98_1,0.1,0.1,0,2/10/19,2/8/19,2,0
98,Ernie,Bottom,1,98_1,0.2,0.1,0,2/27/19,2/8/19,19,0
98,Ernie,Bottom,1,98_1,0.3,0.5,0,3/1/19,2/8/19,21,0
98,Ernie,Bottom,1,98_1,0.3,0.5,0,3/4/19,2/8/19,24,0
98,Ernie,Bottom,1,98_1,dead,dead,dead,3/6/19,2/8/19,26,0
98,Ernie,Bottom,1,98_1,0,0,0,2/8/19,2/8/19,0,0
99,Bert,Top,1,99_1,1.8,3,0,2/15/19,2/8/19,7,0
99,Bert,Top,1,99_1,1.7,3,0,2/13/19,2/8/19,5,0
99,Bert,Top,1,99_1,1.6,8,0,2/10/19,2/8/19,2,0
99,Bert,Top,1,99_1,1.8,3,0,2/18/19,2/8/19,10,0
99,Bert,Top,1,99_1,1.4,3,0,2/11/19,2/8/19,3,0
99,Bert,Top,1,99_1,1.8,8,0,2/27/19,2/8/19,19,0
99,Bert,Top,1,99_1,1.7,3,1,2/20/19,2/8/19,12,0
99,Bert,Top,1,99_1,1.7,8,3,2/22/19,2/8/19,14,0
99,Bert,Top,1,99_1,1.8,8,3,2/25/19,2/8/19,17,0
99,Bert,Top,1,99_1,1.8,8,0.5,3/4/19,2/8/19,24,0
99,Bert,Top,1,99_1,1.8,7,7,3/6/19,2/8/19,26,0
99,Bert,Top,1,99_1,1.8,8,0,3/1/19,2/8/19,21,0
99,Bert,Top,1,99_1,0,0,0,2/8/19,2/8/19,0,0
100,Ernie,Top,1,100_1,0,0,0,2/10/19,2/8/19,2,0
100,Ernie,Top,1,100_1,0,0,0,2/11/19,2/8/19,3,0
100,Ernie,Top,1,100_1,0,0,0,2/13/19,2/8/19,5,0
100,Ernie,Top,1,100_1,0,0,0,2/15/19,2/8/19,7,0
100,Ernie,Top,1,100_1,0,0,0,2/18/19,2/8/19,10,0
100,Ernie,Top,1,100_1,0,0,0,2/20/19,2/8/19,12,0
100,Ernie,Top,1,100_1,0,0,0,2/22/19,2/8/19,14,0
100,Ernie,Top,1,100_1,0,0,0,2/25/19,2/8/19,17,0
100,Ernie,Top,1,100_1,0,0,2,2/27/19,2/8/19,19,0
100,Ernie,Top,1,100_1,0,0,2,3/1/19,2/8/19,21,0
100,Ernie,Top,1,100_1,0,0,2,3/4/19,2/8/19,24,0
100,Ernie,Top,1,100_1,0,0,2,3/6/19,2/8/19,26,0
100,Ernie,Top,1,100_1,0,0,0,2/8/19,2/8/19,0,0
101,Ernie,Top,1,101_1,1.1,3,0,2/13/19,2/8/19,5,0
101,Ernie,Top,1,101_1,1,1,0,2/10/19,2/8/19,2,0
101,Ernie,Top,1,101_1,0.9,1,0,2/15/19,2/8/19,7,0
101,Ernie,Top,1,101_1,0.9,1,0,2/22/19,2/8/19,14,0
101,Ernie,Top,1,101_1,0.9,1,0,2/25/19,2/8/19,17,0
101,Ernie,Top,1,101_1,0.8,1,0,2/20/19,2/8/19,12,0
101,Ernie,Top,1,101_1,1.2,1,0,2/11/19,2/8/19,3,0
101,Ernie,Top,1,101_1,1,1,0,2/18/19,2/8/19,10,0
101,Ernie,Top,1,101_1,0.9,1,0,2/27/19,2/8/19,19,0
101,Ernie,Top,1,101_1,1,1,0,3/1/19,2/8/19,21,0
101,Ernie,Top,1,101_1,1,1,0,3/4/19,2/8/19,24,0
101,Ernie,Top,1,101_1,dead,dead,dead,3/6/19,2/8/19,26,0
101,Ernie,Top,1,101_1,0,0,0,2/8/19,2/8/19,0,0
102,Ernie,Bottom,1,102_1,2.5,3,0,2/13/19,2/8/19,5,0
102,Ernie,Bottom,1,102_1,2.5,2,0,2/20/19,2/8/19,12,0
102,Ernie,Bottom,1,102_1,2.2,2,0,2/22/19,2/8/19,14,0
102,Ernie,Bottom,1,102_1,2.2,2,0,2/25/19,2/8/19,17,0
102,Ernie,Bottom,1,102_1,2.1,1,0,2/15/19,2/8/19,7,0
102,Ernie,Bottom,1,102_1,2.5,2,0,2/18/19,2/8/19,10,0
102,Ernie,Bottom,1,102_1,0.7,2,0,2/10/19,2/8/19,2,0
102,Ernie,Bottom,1,102_1,1.7,2,0,2/11/19,2/8/19,3,0
102,Ernie,Bottom,1,102_1,2.2,2,0,2/27/19,2/8/19,19,0
102,Ernie,Bottom,1,102_1,2.2,2,0,3/1/19,2/8/19,21,0
102,Ernie,Bottom,1,102_1,2.2,2,0,3/4/19,2/8/19,24,0
102,Ernie,Bottom,1,102_1,2.2,2,0,3/6/19,2/8/19,26,0
102,Ernie,Bottom,1,102_1,0,0,0,2/8/19,2/8/19,0,0
103,Ernie,Top,1,103_1,1.7,2,0,2/15/19,2/8/19,7,0
103,Ernie,Top,1,103_1,1.7,2,0,2/20/19,2/8/19,12,0
103,Ernie,Top,1,103_1,1.5,1.5,0,2/13/19,2/8/19,5,0
103,Ernie,Top,1,103_1,1.4,2,0,2/22/19,2/8/19,14,0
103,Ernie,Top,1,103_1,1.4,2,0,2/25/19,2/8/19,17,0
103,Ernie,Top,1,103_1,1,0.5,0,2/10/19,2/8/19,2,0
103,Ernie,Top,1,103_1,1.2,2,0,2/11/19,2/8/19,3,0
103,Ernie,Top,1,103_1,1.7,2,0,2/18/19,2/8/19,10,0
103,Ernie,Top,1,103_1,1.6,2,0,2/27/19,2/8/19,19,0
103,Ernie,Top,1,103_1,1.6,2,0,3/1/19,2/8/19,21,0
103,Ernie,Top,1,103_1,1.6,2,0,3/4/19,2/8/19,24,0
103,Ernie,Top,1,103_1,dead,dead,dead,3/6/19,2/8/19,26,0
103,Ernie,Top,1,103_1,0,0,0,2/8/19,2/8/19,0,0
105,Ernie,Bottom,1,105_1,1,2,0,2/20/19,2/8/19,12,0
105,Ernie,Bottom,1,105_1,1,2,0,2/22/19,2/8/19,14,0
105,Ernie,Bottom,1,105_1,1,2,0,2/25/19,2/8/19,17,0
105,Ernie,Bottom,1,105_1,0.7,2,0,2/15/19,2/8/19,7,0
105,Ernie,Bottom,1,105_1,0.6,0.5,0,2/13/19,2/8/19,5,0
105,Ernie,Bottom,1,105_1,0,0,0,2/10/19,2/8/19,2,0
105,Ernie,Bottom,1,105_1,0.7,0.5,0,2/11/19,2/8/19,3,0
105,Ernie,Bottom,1,105_1,1,2,0,2/18/19,2/8/19,10,0
105,Ernie,Bottom,1,105_1,1,2,0,2/27/19,2/8/19,19,0
105,Ernie,Bottom,1,105_1,1,2,0,3/1/19,2/8/19,21,0
105,Ernie,Bottom,1,105_1,1,2,0,3/4/19,2/8/19,24,0
105,Ernie,Bottom,1,105_1,1,2,0,3/6/19,2/8/19,26,0
105,Ernie,Bottom,1,105_1,0,0,0,2/8/19,2/8/19,0,0
106,Bert,Bottom,1,106_1,0,0,0,2/18/19,2/8/19,10,0
106,Bert,Bottom,1,106_1,0,0,0,2/11/19,2/8/19,3,0
106,Bert,Bottom,1,106_1,0,0,0,2/10/19,2/8/19,2,0
106,Bert,Bottom,1,106_1,0,0,0,2/13/19,2/8/19,5,0
106,Bert,Bottom,1,106_1,0,0,0,2/15/19,2/8/19,7,0
106,Bert,Bottom,1,106_1,0,0,1,2/20/19,2/8/19,12,0
106,Bert,Bottom,1,106_1,0,0,1,2/22/19,2/8/19,14,0
106,Bert,Bottom,1,106_1,0,0,1,2/25/19,2/8/19,17,0
106,Bert,Bottom,1,106_1,0,2,2,2/27/19,2/8/19,19,0
106,Bert,Bottom,1,106_1,0,0,2,3/1/19,2/8/19,21,0
106,Bert,Bottom,1,106_1,0,0,2,3/4/19,2/8/19,24,0
106,Bert,Bottom,1,106_1,0,0,2,3/6/19,2/8/19,26,0
106,Bert,Bottom,1,106_1,0,0,0,2/8/19,2/8/19,0,0
107,Ernie,Bottom,1,107_1,5.4,30,0,2/25/19,2/8/19,17,0
107,Ernie,Bottom,1,107_1,5,20,0,2/15/19,2/8/19,7,0
107,Ernie,Bottom,1,107_1,4.6,20,0,2/13/19,2/8/19,5,0
107,Ernie,Bottom,1,107_1,4.5,20,0,2/20/19,2/8/19,12,0
107,Ernie,Bottom,1,107_1,4.5,20,0,2/22/19,2/8/19,14,0
107,Ernie,Bottom,1,107_1,4,15,0,2/10/19,2/8/19,2,0
107,Ernie,Bottom,1,107_1,4.6,20,0,2/18/19,2/8/19,10,0
107,Ernie,Bottom,1,107_1,4.9,20,0,2/11/19,2/8/19,3,0
107,Ernie,Bottom,1,107_1,5.4,30,0,2/27/19,2/8/19,19,0
107,Ernie,Bottom,1,107_1,5.4,30,0,3/1/19,2/8/19,21,0
107,Ernie,Bottom,1,107_1,5.4,30,0,3/4/19,2/8/19,24,0
107,Ernie,Bottom,1,107_1,5.4,30,0,3/6/19,2/8/19,26,0
107,Ernie,Bottom,1,107_1,0,0,0,2/8/19,2/8/19,0,0
108,Bert,Top,1,108_1,dead,dead,0,2/20/19,2/8/19,12,0
108,Bert,Top,1,108_1,dead,dead,dead,2/22/19,2/8/19,14,0
108,Bert,Top,1,108_1,dead,dead,dead,2/25/19,2/8/19,17,0
108,Bert,Top,1,108_1,3.7,25,0,2/15/19,2/8/19,7,0
108,Bert,Top,1,108_1,2.7,25,0,2/13/19,2/8/19,5,0
108,Bert,Top,1,108_1,2.5,15,0,2/10/19,2/8/19,2,0
108,Bert,Top,1,108_1,7.3,60,0,2/18/19,2/8/19,10,0
108,Bert,Top,1,108_1,2.5,25,0,2/11/19,2/8/19,3,0
108,Bert,Top,1,108_1,dead,dead,dead,2/27/19,2/8/19,19,0
108,Bert,Top,1,108_1,dead,dead,dead,3/1/19,2/8/19,21,0
108,Bert,Top,1,108_1,dead,dead,dead,3/4/19,2/8/19,24,0
108,Bert,Top,1,108_1,dead,dead,dead,3/6/19,2/8/19,26,0
108,Bert,Top,1,108_1,0,0,0,2/8/19,2/8/19,0,0
109,Bert,Bottom,1,109_1,0,0,0,2/18/19,2/8/19,10,0
109,Bert,Bottom,1,109_1,0,0,0,2/11/19,2/8/19,3,0
109,Bert,Bottom,1,109_1,0,0,0,2/10/19,2/8/19,2,0
109,Bert,Bottom,1,109_1,0,0,0,2/13/19,2/8/19,5,0
109,Bert,Bottom,1,109_1,0,0,0,2/15/19,2/8/19,7,0
109,Bert,Bottom,1,109_1,0,0,0,2/20/19,2/8/19,12,0
109,Bert,Bottom,1,109_1,0,0,0,2/22/19,2/8/19,14,0
109,Bert,Bottom,1,109_1,0,0,0,2/25/19,2/8/19,17,0
109,Bert,Bottom,1,109_1,0,0,0,2/27/19,2/8/19,19,0
109,Bert,Bottom,1,109_1,0,0,0,3/1/19,2/8/19,21,0
109,Bert,Bottom,1,109_1,0,0,0,3/4/19,2/8/19,24,0
109,Bert,Bottom,1,109_1,0,0,0,3/6/19,2/8/19,26,0
109,Bert,Bottom,1,109_1,0,0,0,2/8/19,2/8/19,0,0
110,Ernie,Bottom,1,110_1,1,2,0,2/20/19,2/8/19,12,0
110,Ernie,Bottom,1,110_1,0.8,1,0,2/15/19,2/8/19,7,0
110,Ernie,Bottom,1,110_1,0.8,1,0,2/18/19,2/8/19,10,0
110,Ernie,Bottom,1,110_1,0.7,1,0,2/10/19,2/8/19,2,0
110,Ernie,Bottom,1,110_1,0.8,2,0,2/11/19,2/8/19,3,0
110,Ernie,Bottom,1,110_1,0.7,1,0,2/13/19,2/8/19,5,0
110,Ernie,Bottom,1,110_1,0.7,2,0,2/22/19,2/8/19,14,0
110,Ernie,Bottom,1,110_1,0.7,2,0,2/25/19,2/8/19,17,0
110,Ernie,Bottom,1,110_1,0.8,2,0,2/27/19,2/8/19,19,0
110,Ernie,Bottom,1,110_1,0.8,2,0,3/1/19,2/8/19,21,0
110,Ernie,Bottom,1,110_1,0.8,2,0,3/4/19,2/8/19,24,0
110,Ernie,Bottom,1,110_1,0.8,2,0,3/6/19,2/8/19,26,0
110,Ernie,Bottom,1,110_1,0,0,0,2/8/19,2/8/19,0,0
111,Bert,Top,1,111_1,0,0,0,2/18/19,2/8/19,10,0
111,Bert,Top,1,111_1,0,0,0,2/11/19,2/8/19,3,0
111,Bert,Top,1,111_1,0,0,0,2/10/19,2/8/19,2,0
111,Bert,Top,1,111_1,0,0,0,2/13/19,2/8/19,5,0
111,Bert,Top,1,111_1,0,-,0,2/15/19,2/8/19,7,0
111,Bert,Top,1,111_1,0,0,0,2/27/19,2/8/19,19,0
111,Bert,Top,1,111_1,0,0,3,2/20/19,2/8/19,12,0
111,Bert,Top,1,111_1,0,0,5,2/22/19,2/8/19,14,0
111,Bert,Top,1,111_1,0,0,5,2/25/19,2/8/19,17,0
111,Bert,Top,1,111_1,0,0,10,3/1/19,2/8/19,21,0
111,Bert,Top,1,111_1,0,0,10,3/4/19,2/8/19,24,0
111,Bert,Top,1,111_1,0,0,30,3/6/19,2/8/19,26,0
111,Bert,Top,1,111_1,0,0,0,2/8/19,2/8/19,0,0
112,Ernie,Top,1,112_1,0,0,0,2/10/19,2/8/19,2,0
112,Ernie,Top,1,112_1,0,0,0,2/11/19,2/8/19,3,0
112,Ernie,Top,1,112_1,0,0,0,2/13/19,2/8/19,5,0
112,Ernie,Top,1,112_1,0,0,0,2/15/19,2/8/19,7,0
112,Ernie,Top,1,112_1,0,0,0,2/18/19,2/8/19,10,0
112,Ernie,Top,1,112_1,0,0,0,2/20/19,2/8/19,12,0
112,Ernie,Top,1,112_1,0,0,0,2/22/19,2/8/19,14,0
112,Ernie,Top,1,112_1,0,0,0,2/25/19,2/8/19,17,0
112,Ernie,Top,1,112_1,0,0,0,2/27/19,2/8/19,19,0
112,Ernie,Top,1,112_1,0,0,0,3/1/19,2/8/19,21,0
112,Ernie,Top,1,112_1,0,0,0,3/4/19,2/8/19,24,0
112,Ernie,Top,1,112_1,0,0,0,3/6/19,2/8/19,26,0
112,Ernie,Top,1,112_1,0,0,0,2/8/19,2/8/19,0,0
113,Bert,Bottom,1,113_1,0,0,0,2/18/19,2/8/19,10,0
113,Bert,Bottom,1,113_1,0,0,0,2/11/19,2/8/19,3,0
113,Bert,Bottom,1,113_1,0,0,0,2/10/19,2/8/19,2,0
113,Bert,Bottom,1,113_1,0,0,0,2/13/19,2/8/19,5,0
113,Bert,Bottom,1,113_1,0,0,0,2/15/19,2/8/19,7,0
113,Bert,Bottom,1,113_1,0,0,3,2/20/19,2/8/19,12,0
113,Bert,Bottom,1,113_1,0,0,8,2/22/19,2/8/19,14,0
113,Bert,Bottom,1,113_1,0,0,8,2/25/19,2/8/19,17,0
113,Bert,Bottom,1,113_1,0,20,20,2/27/19,2/8/19,19,0
113,Bert,Bottom,1,113_1,0,0,20,3/1/19,2/8/19,21,0
113,Bert,Bottom,1,113_1,0,0,20,3/4/19,2/8/19,24,0
113,Bert,Bottom,1,113_1,0,0,20,3/6/19,2/8/19,26,0
113,Bert,Bottom,1,113_1,0,0,0,2/8/19,2/8/19,0,0
114,Ernie,Top,1,114_1,0.8,1,0,2/10/19,2/8/19,2,0
114,Ernie,Top,1,114_1,0.8,1,0,2/22/19,2/8/19,14,0
114,Ernie,Top,1,114_1,0.8,1,0,2/25/19,2/8/19,17,0
114,Ernie,Top,1,114_1,0.7,0.7,0,2/13/19,2/8/19,5,0
114,Ernie,Top,1,114_1,0.7,0.5,0,2/15/19,2/8/19,7,0
114,Ernie,Top,1,114_1,0.6,1,0,2/20/19,2/8/19,12,0
114,Ernie,Top,1,114_1,0.6,1,0,2/11/19,2/8/19,3,0
114,Ernie,Top,1,114_1,0.1,0.5,0,2/18/19,2/8/19,10,0
114,Ernie,Top,1,114_1,0.8,1,0,2/27/19,2/8/19,19,0
114,Ernie,Top,1,114_1,0.7,10,0,3/1/19,2/8/19,21,0
114,Ernie,Top,1,114_1,dead,dead,dead,3/4/19,2/8/19,24,0
114,Ernie,Top,1,114_1,dead,dead,dead,3/6/19,2/8/19,26,0
114,Ernie,Top,1,114_1,0,0,0,2/8/19,2/8/19,0,0
115,Ernie,Bottom,1,115_1,1.2,3,0,2/25/19,2/8/19,17,0
115,Ernie,Bottom,1,115_1,1,3,0,2/22/19,2/8/19,14,0
115,Ernie,Bottom,1,115_1,0.8,3,0,2/20/19,2/8/19,12,0
115,Ernie,Bottom,1,115_1,0.7,2,0,2/13/19,2/8/19,5,0
115,Ernie,Bottom,1,115_1,0.6,2,0,2/15/19,2/8/19,7,0
115,Ernie,Bottom,1,115_1,0.5,2,0,2/10/19,2/8/19,2,0
115,Ernie,Bottom,1,115_1,1,3,0,2/11/19,2/8/19,3,0
115,Ernie,Bottom,1,115_1,0.6,2,0,2/18/19,2/8/19,10,0
115,Ernie,Bottom,1,115_1,1.2,3,0,2/27/19,2/8/19,19,0
115,Ernie,Bottom,1,115_1,1.2,3,0,3/1/19,2/8/19,21,0
115,Ernie,Bottom,1,115_1,1.2,3,0,3/4/19,2/8/19,24,0
115,Ernie,Bottom,1,115_1,1.2,3,0,3/6/19,2/8/19,26,0
115,Ernie,Bottom,1,115_1,0,0,0,2/8/19,2/8/19,0,0
116,Ernie,Top,1,116_1,1.3,1.3,0,2/13/19,2/8/19,5,0
116,Ernie,Top,1,116_1,1.2,1,0,2/20/19,2/8/19,12,0
116,Ernie,Top,1,116_1,1.1,1,0,2/15/19,2/8/19,7,0
116,Ernie,Top,1,116_1,1.1,1,0,2/22/19,2/8/19,14,0
116,Ernie,Top,1,116_1,1.1,1,0,2/25/19,2/8/19,17,0
116,Ernie,Top,1,116_1,1,2,0,2/10/19,2/8/19,2,0
116,Ernie,Top,1,116_1,1.2,2,0,2/11/19,2/8/19,3,0
116,Ernie,Top,1,116_1,1.1,1,0,2/18/19,2/8/19,10,0
116,Ernie,Top,1,116_1,1.1,1,0,2/27/19,2/8/19,19,0
116,Ernie,Top,1,116_1,1.1,1,0,3/1/19,2/8/19,21,0
116,Ernie,Top,1,116_1,1.1,1,0,3/4/19,2/8/19,24,0
116,Ernie,Top,1,116_1,1.1,1,0,3/6/19,2/8/19,26,0
116,Ernie,Top,1,116_1,0,0,0,2/8/19,2/8/19,0,0
117,Bert,Bottom,1,117_1,0,0,0,2/18/19,2/8/19,10,0
117,Bert,Bottom,1,117_1,0,0,0,2/11/19,2/8/19,3,0
117,Bert,Bottom,1,117_1,0,0,0,2/10/19,2/8/19,2,0
117,Bert,Bottom,1,117_1,0,0,0,2/13/19,2/8/19,5,0
117,Bert,Bottom,1,117_1,0,0,0,2/15/19,2/8/19,7,0
117,Bert,Bottom,1,117_1,0,0,0,2/20/19,2/8/19,12,0
117,Bert,Bottom,1,117_1,0,0,0,2/22/19,2/8/19,14,0
117,Bert,Bottom,1,117_1,0,0,0.1,2/25/19,2/8/19,17,0
117,Bert,Bottom,1,117_1,0,0,1,2/27/19,2/8/19,19,0
117,Bert,Bottom,1,117_1,0,0,3,3/1/19,2/8/19,21,0
117,Bert,Bottom,1,117_1,0,0,3,3/4/19,2/8/19,24,0
117,Bert,Bottom,1,117_1,dead,dead,dead,3/6/19,2/8/19,26,0
117,Bert,Bottom,1,117_1,0,0,0,2/8/19,2/8/19,0,0
118,Ernie,Top,1,118_1,1.8,4,0,2/13/19,2/8/19,5,0
118,Ernie,Top,1,118_1,1.8,5,0,2/22/19,2/8/19,14,0
118,Ernie,Top,1,118_1,1.8,5,0,2/25/19,2/8/19,17,0
118,Ernie,Top,1,118_1,1.7,5,0,2/20/19,2/8/19,12,0
118,Ernie,Top,1,118_1,1.3,3,0,2/15/19,2/8/19,7,0
118,Ernie,Top,1,118_1,1,5,0,2/10/19,2/8/19,2,0
118,Ernie,Top,1,118_1,2,5,0,2/11/19,2/8/19,3,0
118,Ernie,Top,1,118_1,1.3,4,0,2/18/19,2/8/19,10,0
118,Ernie,Top,1,118_1,1.8,5,0,2/27/19,2/8/19,19,0
118,Ernie,Top,1,118_1,1.9,5,0,3/1/19,2/8/19,21,0
118,Ernie,Top,1,118_1,1.9,5,0,3/4/19,2/8/19,24,0
118,Ernie,Top,1,118_1,2,5,0,3/6/19,2/8/19,26,0
118,Ernie,Top,1,118_1,0,0,0,2/8/19,2/8/19,0,0
119,Bert,Top,1,119_1,0,0,0,2/18/19,2/8/19,10,0
119,Bert,Top,1,119_1,0,0,0,2/11/19,2/8/19,3,0
119,Bert,Top,1,119_1,0,0,0,2/10/19,2/8/19,2,0
119,Bert,Top,1,119_1,0,0,0,2/13/19,2/8/19,5,0
119,Bert,Top,1,119_1,0,0,0,2/15/19,2/8/19,7,0
119,Bert,Top,1,119_1,0,0,0,2/20/19,2/8/19,12,0
119,Bert,Top,1,119_1,0,0,0,2/22/19,2/8/19,14,0
119,Bert,Top,1,119_1,0,0,0,2/25/19,2/8/19,17,0
119,Bert,Top,1,119_1,0,0,0,2/27/19,2/8/19,19,0
119,Bert,Top,1,119_1,0,0,0,3/1/19,2/8/19,21,0
119,Bert,Top,1,119_1,2.2,5,5,3/6/19,2/8/19,26,0
119,Bert,Top,1,119_1,0,0,0,3/4/19,2/8/19,24,0
119,Bert,Top,1,119_1,0,0,0,2/8/19,2/8/19,0,0
121,Bert,Bottom,1,121_1,0.8,1,0,2/18/19,2/8/19,10,0
121,Bert,Bottom,1,121_1,0.5,1,0,2/11/19,2/8/19,3,0
121,Bert,Bottom,1,121_1,0.8,1,0,2/20/19,2/8/19,12,0
121,Bert,Bottom,1,121_1,0.7,1,0,2/13/19,2/8/19,5,0
121,Bert,Bottom,1,121_1,0.7,1,0,2/15/19,2/8/19,7,0
121,Bert,Bottom,1,121_1,0.4,2,0,2/10/19,2/8/19,2,0
121,Bert,Bottom,1,121_1,0.6,1,2,2/22/19,2/8/19,14,0
121,Bert,Bottom,1,121_1,0.6,5,2,2/25/19,2/8/19,17,0
121,Bert,Bottom,1,121_1,0.6,5,5,2/27/19,2/8/19,19,0
121,Bert,Bottom,1,121_1,0.7,5,10,3/1/19,2/8/19,21,0
121,Bert,Bottom,1,121_1,0.7,5,10,3/4/19,2/8/19,24,0
121,Bert,Bottom,1,121_1,0.7,10,10,3/6/19,2/8/19,26,0
121,Bert,Bottom,1,121_1,0,0,0,2/8/19,2/8/19,0,0
122,Bert,Bottom,1,122_1,0,0,0,2/18/19,2/8/19,10,0
122,Bert,Bottom,1,122_1,0,0,0,2/11/19,2/8/19,3,0
122,Bert,Bottom,1,122_1,0,0,0,2/10/19,2/8/19,2,0
122,Bert,Bottom,1,122_1,0,0,0,2/13/19,2/8/19,5,0
122,Bert,Bottom,1,122_1,0,0,0,2/15/19,2/8/19,7,0
122,Bert,Bottom,1,122_1,dead,dead,dead,3/1/19,2/8/19,21,0
122,Bert,Bottom,1,122_1,0,0,0.1,2/20/19,2/8/19,12,0
122,Bert,Bottom,1,122_1,0,0,10,2/22/19,2/8/19,14,0
122,Bert,Bottom,1,122_1,0,0,10,2/25/19,2/8/19,17,0
122,Bert,Bottom,1,122_1,0,0,80,2/27/19,2/8/19,19,0
122,Bert,Bottom,1,122_1,dead,dead,dead,3/4/19,2/8/19,24,0
122,Bert,Bottom,1,122_1,dead,dead,dead,3/6/19,2/8/19,26,0
122,Bert,Bottom,1,122_1,0,0,0,2/8/19,2/8/19,0,0
123,Bert,Top,1,123_1,10.8,30,0,2/25/19,2/8/19,17,0
123,Bert,Top,1,123_1,8.5,20,0,2/22/19,2/8/19,14,0
123,Bert,Top,1,123_1,7.3,15,0,2/20/19,2/8/19,12,0
123,Bert,Top,1,123_1,5.6,8,0,2/15/19,2/8/19,7,0
123,Bert,Top,1,123_1,3.8,5,0,2/13/19,2/8/19,5,0
123,Bert,Top,1,123_1,2.4,5,0,2/10/19,2/8/19,2,0
123,Bert,Top,1,123_1,5.8,8,0,2/18/19,2/8/19,10,0
123,Bert,Top,1,123_1,3.8,5,0,2/11/19,2/8/19,3,0
123,Bert,Top,1,123_1,12.8,60,0,2/27/19,2/8/19,19,0
123,Bert,Top,1,123_1,dead,dead,dead,3/1/19,2/8/19,21,0
123,Bert,Top,1,123_1,dead,dead,dead,3/4/19,2/8/19,24,0
123,Bert,Top,1,123_1,dead,dead,dead,3/6/19,2/8/19,26,0
123,Bert,Top,1,123_1,0,0,0,2/8/19,2/8/19,0,0
124,Ernie,Bottom,1,124_1,0,0,0,2/18/19,2/8/19,10,0
124,Ernie,Bottom,1,124_1,0,0,0,2/11/19,2/8/19,3,0
124,Ernie,Bottom,1,124_1,0,0,0,2/10/19,2/8/19,2,0
124,Ernie,Bottom,1,124_1,0,0,0,2/13/19,2/8/19,5,0
124,Ernie,Bottom,1,124_1,0,0,0,2/15/19,2/8/19,7,0
124,Ernie,Bottom,1,124_1,0,0,0,2/20/19,2/8/19,12,0
124,Ernie,Bottom,1,124_1,0,0,0,2/22/19,2/8/19,14,0
124,Ernie,Bottom,1,124_1,0,0,0,2/25/19,2/8/19,17,0
124,Ernie,Bottom,1,124_1,0,0,0,2/27/19,2/8/19,19,0
124,Ernie,Bottom,1,124_1,0,0,0,3/1/19,2/8/19,21,0
124,Ernie,Bottom,1,124_1,0,0,0,3/4/19,2/8/19,24,0
124,Ernie,Bottom,1,124_1,dead,dead,dead,3/6/19,2/8/19,26,0
124,Ernie,Bottom,1,124_1,0,0,0,2/8/19,2/8/19,0,0
125,Ernie,Top,1,125_1,0.9,0.5,0,2/13/19,2/8/19,5,0
125,Ernie,Top,1,125_1,0.9,1,0,2/15/19,2/8/19,7,0
125,Ernie,Top,1,125_1,0.3,0.5,0,2/10/19,2/8/19,2,0
125,Ernie,Top,1,125_1,0.7,1,0,2/11/19,2/8/19,3,0
125,Ernie,Top,1,125_1,0.9,1,0,2/18/19,2/8/19,10,0
125,Ernie,Top,1,125_1,0.9,1,0.1,2/20/19,2/8/19,12,0
125,Ernie,Top,1,125_1,0.9,1,0.1,2/22/19,2/8/19,14,0
125,Ernie,Top,1,125_1,0.9,1,0.1,2/25/19,2/8/19,17,0
125,Ernie,Top,1,125_1,0.9,1,0.1,2/27/19,2/8/19,19,0
125,Ernie,Top,1,125_1,0.9,1,0.1,3/1/19,2/8/19,21,0
125,Ernie,Top,1,125_1,0.9,1,0.1,3/4/19,2/8/19,24,0
125,Ernie,Top,1,125_1,0.9,1,0,3/6/19,2/8/19,26,0
125,Ernie,Top,1,125_1,0,0,0,2/8/19,2/8/19,0,0
126,Ernie,Top,1,126_1,0,0,0,2/10/19,2/8/19,2,0
126,Ernie,Top,1,126_1,0,0,0,2/11/19,2/8/19,3,0
126,Ernie,Top,1,126_1,0,0,0,2/13/19,2/8/19,5,0
126,Ernie,Top,1,126_1,0,0,0,2/15/19,2/8/19,7,0
126,Ernie,Top,1,126_1,0,0,0,2/18/19,2/8/19,10,0
126,Ernie,Top,1,126_1,0,0,0,2/20/19,2/8/19,12,0
126,Ernie,Top,1,126_1,0,0,0,2/22/19,2/8/19,14,0
126,Ernie,Top,1,126_1,0,0,0,2/25/19,2/8/19,17,0
126,Ernie,Top,1,126_1,0,0,0,2/27/19,2/8/19,19,0
126,Ernie,Top,1,126_1,0,0,0,3/1/19,2/8/19,21,0
126,Ernie,Top,1,126_1,0,0,0,3/4/19,2/8/19,24,0
126,Ernie,Top,1,126_1,0,0,0,3/6/19,2/8/19,26,0
126,Ernie,Top,1,126_1,0,0,0,2/8/19,2/8/19,0,0
127,Bert,Bottom,1,127_1,dead,dead,dead,2/25/19,2/8/19,17,0
127,Bert,Bottom,1,127_1,2,3,0,2/18/19,2/8/19,10,0
127,Bert,Bottom,1,127_1,2.1,3,0,2/11/19,2/8/19,3,0
127,Bert,Bottom,1,127_1,2,3,0,2/10/19,2/8/19,2,0
127,Bert,Bottom,1,127_1,2,2,0,2/13/19,2/8/19,5,0
127,Bert,Bottom,1,127_1,2,2,0,2/15/19,2/8/19,7,0
127,Bert,Bottom,1,127_1,2,10,0,2/20/19,2/8/19,12,0
127,Bert,Bottom,1,127_1,2,30,0,2/22/19,2/8/19,14,0
127,Bert,Bottom,1,127_1,dead,dead,dead,2/27/19,2/8/19,19,0
127,Bert,Bottom,1,127_1,dead,dead,dead,3/1/19,2/8/19,21,0
127,Bert,Bottom,1,127_1,dead,dead,dead,3/4/19,2/8/19,24,0
127,Bert,Bottom,1,127_1,dead,dead,dead,3/6/19,2/8/19,26,0
127,Bert,Bottom,1,127_1,0,0,0,2/8/19,2/8/19,0,0
128,Ernie,Bottom,1,128_1,0,0,0,2/18/19,2/8/19,10,0
128,Ernie,Bottom,1,128_1,0,0,0,2/11/19,2/8/19,3,0
128,Ernie,Bottom,1,128_1,0,0,0,2/10/19,2/8/19,2,0
128,Ernie,Bottom,1,128_1,0,0,0,2/13/19,2/8/19,5,0
128,Ernie,Bottom,1,128_1,0,0,0,2/15/19,2/8/19,7,0
128,Ernie,Bottom,1,128_1,0,0,0,2/20/19,2/8/19,12,0
128,Ernie,Bottom,1,128_1,0,0,0,2/22/19,2/8/19,14,0
128,Ernie,Bottom,1,128_1,0,0,0,2/25/19,2/8/19,17,0
128,Ernie,Bottom,1,128_1,0,0,0,2/27/19,2/8/19,19,0
128,Ernie,Bottom,1,128_1,0,0,0,3/1/19,2/8/19,21,0
128,Ernie,Bottom,1,128_1,0,0,0,3/4/19,2/8/19,24,0
128,Ernie,Bottom,1,128_1,dead,dead,dead,3/6/19,2/8/19,26,0
128,Ernie,Bottom,1,128_1,0,0,0,2/8/19,2/8/19,0,0
129,Ernie,Bottom,1,129_1,0.6,0.5,0,2/13/19,2/8/19,5,0
129,Ernie,Bottom,1,129_1,0.6,0.5,0,2/15/19,2/8/19,7,0
129,Ernie,Bottom,1,129_1,0.6,0.5,0,2/20/19,2/8/19,12,0
129,Ernie,Bottom,1,129_1,0.6,0.5,0,2/22/19,2/8/19,14,0
129,Ernie,Bottom,1,129_1,0.6,0.5,0,2/25/19,2/8/19,17,0
129,Ernie,Bottom,1,129_1,0.3,0.1,0,2/10/19,2/8/19,2,0
129,Ernie,Bottom,1,129_1,0.7,0.5,0,2/18/19,2/8/19,10,0
129,Ernie,Bottom,1,129_1,0.3,0.1,0,2/11/19,2/8/19,3,0
129,Ernie,Bottom,1,129_1,0.6,0.5,0,2/27/19,2/8/19,19,0
129,Ernie,Bottom,1,129_1,0.6,0.5,0,3/1/19,2/8/19,21,0
129,Ernie,Bottom,1,129_1,0.6,0.5,0,3/4/19,2/8/19,24,0
129,Ernie,Bottom,1,129_1,dead,dead,dead,3/6/19,2/8/19,26,0
129,Ernie,Bottom,1,129_1,0,0,0,2/8/19,2/8/19,0,0
130,Bert,Top,1,130_1,2.8,7,0,2/13/19,2/8/19,5,0
130,Bert,Top,1,130_1,2.8,7,0,2/15/19,2/8/19,7,0
130,Bert,Top,1,130_1,2,5,0,2/10/19,2/8/19,2,0
130,Bert,Top,1,130_1,5.1,9,0,2/18/19,2/8/19,10,0
130,Bert,Top,1,130_1,2.8,7,0,2/11/19,2/8/19,3,0
130,Bert,Top,1,130_1,dead,dead,dead,2/27/19,2/8/19,19,0
130,Bert,Top,1,130_1,dead,dead,dead,3/1/19,2/8/19,21,0
130,Bert,Top,1,130_1,dead,dead,dead,3/4/19,2/8/19,24,0
130,Bert,Top,1,130_1,5.4,10,1,2/20/19,2/8/19,12,0
130,Bert,Top,1,130_1,8,15,3,2/22/19,2/8/19,14,0
130,Bert,Top,1,130_1,8,15,5,2/25/19,2/8/19,17,0
130,Bert,Top,1,130_1,dead,dead,dead,3/6/19,2/8/19,26,0
130,Bert,Top,1,130_1,0,0,0,2/8/19,2/8/19,0,0
131,Bert,Top,1,131_1,5.6,20,0,2/25/19,2/8/19,17,0
131,Bert,Top,1,131_1,5.1,15,0,2/22/19,2/8/19,14,0
131,Bert,Top,1,131_1,3.7,10,0,2/20/19,2/8/19,12,0
131,Bert,Top,1,131_1,2.4,8,0,2/13/19,2/8/19,5,0
131,Bert,Top,1,131_1,2.4,8,0,2/15/19,2/8/19,7,0
131,Bert,Top,1,131_1,1.9,10,0,2/10/19,2/8/19,2,0
131,Bert,Top,1,131_1,2.4,8,0,2/18/19,2/8/19,10,0
131,Bert,Top,1,131_1,2.5,5,0,2/11/19,2/8/19,3,0
131,Bert,Top,1,131_1,dead,dead,dead,2/27/19,2/8/19,19,0
131,Bert,Top,1,131_1,dead,dead,dead,3/1/19,2/8/19,21,0
131,Bert,Top,1,131_1,dead,dead,dead,3/4/19,2/8/19,24,0
131,Bert,Top,1,131_1,dead,dead,dead,3/6/19,2/8/19,26,0
131,Bert,Top,1,131_1,0,0,0,2/8/19,2/8/19,0,0
133,Bert,Top,1,133_1,0,0,0,2/18/19,2/8/19,10,0
133,Bert,Top,1,133_1,0,0,0,2/11/19,2/8/19,3,0
133,Bert,Top,1,133_1,0,0,0,2/10/19,2/8/19,2,0
133,Bert,Top,1,133_1,0,0,0,2/13/19,2/8/19,5,0
133,Bert,Top,1,133_1,0,0,0,2/15/19,2/8/19,7,0
133,Bert,Top,1,133_1,0,0,0,2/20/19,2/8/19,12,0
133,Bert,Top,1,133_1,0,0,0,2/22/19,2/8/19,14,0
133,Bert,Top,1,133_1,0,0,0,2/25/19,2/8/19,17,0
133,Bert,Top,1,133_1,0,0,0,2/27/19,2/8/19,19,0
133,Bert,Top,1,133_1,0,0,0,3/1/19,2/8/19,21,0
133,Bert,Top,1,133_1,0,0,0,3/4/19,2/8/19,24,0
133,Bert,Top,1,133_1,0,0,0,3/6/19,2/8/19,26,0
133,Bert,Top,1,133_1,0,0,0,2/8/19,2/8/19,0,0
134,Bert,Bottom,1,134_1,1.1,5,0,2/11/19,2/8/19,3,0
134,Bert,Bottom,1,134_1,1.5,5,0,2/13/19,2/8/19,5,0
134,Bert,Bottom,1,134_1,1.5,5,0,2/15/19,2/8/19,7,0
134,Bert,Bottom,1,134_1,1,5,0,2/10/19,2/8/19,2,0
134,Bert,Bottom,1,134_1,dead,dead,dead,3/4/19,2/8/19,24,0
134,Bert,Bottom,1,134_1,1.5,5,0.1,2/18/19,2/8/19,10,0
134,Bert,Bottom,1,134_1,2.1,6,1,2/20/19,2/8/19,12,0
134,Bert,Bottom,1,134_1,1.9,6,5,2/22/19,2/8/19,14,0
134,Bert,Bottom,1,134_1,1.9,6,5,2/25/19,2/8/19,17,0
134,Bert,Bottom,1,134_1,3.8,15,10,2/27/19,2/8/19,19,0
134,Bert,Bottom,1,134_1,7.5,20,10,3/1/19,2/8/19,21,0
134,Bert,Bottom,1,134_1,dead,dead,dead,3/6/19,2/8/19,26,0
134,Bert,Bottom,1,134_1,0,0,0,2/8/19,2/8/19,0,0
135,Bert,Top,1,135_1,5.5,10,0,2/25/19,2/8/19,17,0
135,Bert,Top,1,135_1,5.2,10,0,2/20/19,2/8/19,12,0
135,Bert,Top,1,135_1,5.2,10,0,2/22/19,2/8/19,14,0
135,Bert,Top,1,135_1,3.3,6,0,2/15/19,2/8/19,7,0
135,Bert,Top,1,135_1,2.6,5,0,2/13/19,2/8/19,5,0
135,Bert,Top,1,135_1,1.5,5,0,2/10/19,2/8/19,2,0
135,Bert,Top,1,135_1,4.2,7,0,2/18/19,2/8/19,10,0
135,Bert,Top,1,135_1,2.7,5,0,2/11/19,2/8/19,3,0
135,Bert,Top,1,135_1,5.5,10,0,2/27/19,2/8/19,19,0
135,Bert,Top,1,135_1,5.5,10,0,3/1/19,2/8/19,21,0
135,Bert,Top,1,135_1,5.5,10,0,3/4/19,2/8/19,24,0
135,Bert,Top,1,135_1,5.5,10,10,3/6/19,2/8/19,26,0
135,Bert,Top,1,135_1,0,0,0,2/8/19,2/8/19,0,0
136,Bert,Top,1,136_1,0,0,0,2/18/19,2/8/19,10,0
136,Bert,Top,1,136_1,0,0,0,2/11/19,2/8/19,3,0
136,Bert,Top,1,136_1,0,0,0,2/10/19,2/8/19,2,0
136,Bert,Top,1,136_1,0,0,0,2/13/19,2/8/19,5,0
136,Bert,Top,1,136_1,0,0,0,2/15/19,2/8/19,7,0
136,Bert,Top,1,136_1,0,0,0.5,2/20/19,2/8/19,12,0
136,Bert,Top,1,136_1,0,0,0.5,2/22/19,2/8/19,14,0
136,Bert,Top,1,136_1,0,0,0.5,2/25/19,2/8/19,17,0
136,Bert,Top,1,136_1,0,0,0.5,2/27/19,2/8/19,19,0
136,Bert,Top,1,136_1,0,0,0.5,3/1/19,2/8/19,21,0
136,Bert,Top,1,136_1,0,0,0.5,3/4/19,2/8/19,24,0
136,Bert,Top,1,136_1,0,0,0.5,3/6/19,2/8/19,26,0
136,Bert,Top,1,136_1,0,0,0,2/8/19,2/8/19,0,0
137,Bert,Top,1,137_1,2.6,5,0,2/25/19,2/8/19,17,0
137,Bert,Top,1,137_1,2.5,5,0,2/20/19,2/8/19,12,0
137,Bert,Top,1,137_1,2.4,5,0,2/22/19,2/8/19,14,0
137,Bert,Top,1,137_1,1.1,0.5,0,2/18/19,2/8/19,10,0
137,Bert,Top,1,137_1,1,0.5,0,2/11/19,2/8/19,3,0
137,Bert,Top,1,137_1,1.1,0.5,0,2/13/19,2/8/19,5,0
137,Bert,Top,1,137_1,1.1,0.5,0,2/15/19,2/8/19,7,0
137,Bert,Top,1,137_1,0.8,3,0,2/10/19,2/8/19,2,0
137,Bert,Top,1,137_1,2.8,2.8,0,2/27/19,2/8/19,19,0
137,Bert,Top,1,137_1,2.7,5,0,3/1/19,2/8/19,21,0
137,Bert,Top,1,137_1,2.7,5,0,3/4/19,2/8/19,24,0
137,Bert,Top,1,137_1,3.7,10,0,3/6/19,2/8/19,26,0
137,Bert,Top,1,137_1,0,0,0,2/8/19,2/8/19,0,0
138,Ernie,Bottom,1,138_1,2.1,2,0,2/13/19,2/8/19,5,0
138,Ernie,Bottom,1,138_1,1.3,2,0,2/10/19,2/8/19,2,0
138,Ernie,Bottom,1,138_1,0.9,2,0,2/15/19,2/8/19,7,0
138,Ernie,Bottom,1,138_1,2.2,3,0,2/18/19,2/8/19,10,0
138,Ernie,Bottom,1,138_1,1.9,3,0,2/11/19,2/8/19,3,0
138,Ernie,Bottom,1,138_1,1.6,3,2,2/20/19,2/8/19,12,0
138,Ernie,Bottom,1,138_1,1.6,10,5,2/22/19,2/8/19,14,0
138,Ernie,Bottom,1,138_1,1.6,10,5,2/25/19,2/8/19,17,0
138,Ernie,Bottom,1,138_1,1.6,10,5,2/27/19,2/8/19,19,0
138,Ernie,Bottom,1,138_1,1.6,10,8,3/1/19,2/8/19,21,0
138,Ernie,Bottom,1,138_1,1.6,10,8,3/4/19,2/8/19,24,0
138,Ernie,Bottom,1,138_1,1.7,10,10,3/6/19,2/8/19,26,0
138,Ernie,Bottom,1,138_1,0,0,0,2/8/19,2/8/19,0,0
139,Ernie,Bottom,1,139_1,0,0,0,2/10/19,2/8/19,2,0
139,Ernie,Bottom,1,139_1,0,0,0,2/11/19,2/8/19,3,0
139,Ernie,Bottom,1,139_1,0,0,0,2/13/19,2/8/19,5,0
139,Ernie,Bottom,1,139_1,0,0,0,2/15/19,2/8/19,7,0
139,Ernie,Bottom,1,139_1,0,0,0,2/18/19,2/8/19,10,0
139,Ernie,Bottom,1,139_1,0,0,0,2/20/19,2/8/19,12,0
139,Ernie,Bottom,1,139_1,0,0,0,2/22/19,2/8/19,14,0
139,Ernie,Bottom,1,139_1,0,0,0,2/25/19,2/8/19,17,0
139,Ernie,Bottom,1,139_1,0,0,0,2/27/19,2/8/19,19,0
139,Ernie,Bottom,1,139_1,0,0,0,3/1/19,2/8/19,21,0
139,Ernie,Bottom,1,139_1,0,0,0,3/4/19,2/8/19,24,0
139,Ernie,Bottom,1,139_1,0,0,0,3/6/19,2/8/19,26,0
139,Ernie,Bottom,1,139_1,0,0,0,2/8/19,2/8/19,0,0
140,Bert,Top,1,140_1,0,0,0,2/18/19,2/8/19,10,0
140,Bert,Top,1,140_1,0,0,0,2/11/19,2/8/19,3,0
140,Bert,Top,1,140_1,0,0,0,2/10/19,2/8/19,2,0
140,Bert,Top,1,140_1,0,0,0,2/13/19,2/8/19,5,0
140,Bert,Top,1,140_1,0,0,0,2/15/19,2/8/19,7,0
140,Bert,Top,1,140_1,0,0,0,2/20/19,2/8/19,12,0
140,Bert,Top,1,140_1,0,0,0,2/22/19,2/8/19,14,0
140,Bert,Top,1,140_1,1.8,0,3,2/25/19,2/8/19,17,0
140,Bert,Top,1,140_1,1.6,,0.1,2/27/19,2/8/19,19,0
140,Bert,Top,1,140_1,1.7,5,0.5,3/1/19,2/8/19,21,0
140,Bert,Top,1,140_1,1.7,5,0.5,3/4/19,2/8/19,24,0
140,Bert,Top,1,140_1,1.6,6,6,3/6/19,2/8/19,26,0
140,Bert,Top,1,140_1,0,0,0,2/8/19,2/8/19,0,0
141,Ernie,Top,1,141_1,4,8,0,2/25/19,2/8/19,17,0
141,Ernie,Top,1,141_1,3,5,0,2/22/19,2/8/19,14,0
141,Ernie,Top,1,141_1,2.6,2,0,2/15/19,2/8/19,7,0
141,Ernie,Top,1,141_1,2.6,2,0,2/20/19,2/8/19,12,0
141,Ernie,Top,1,141_1,2.4,3,0,2/13/19,2/8/19,5,0
141,Ernie,Top,1,141_1,2,3,0,2/10/19,2/8/19,2,0
141,Ernie,Top,1,141_1,2.3,5,0,2/11/19,2/8/19,3,0
141,Ernie,Top,1,141_1,2.6,2,0,2/18/19,2/8/19,10,0
141,Ernie,Top,1,141_1,dead,dead,dead,3/4/19,2/8/19,24,0
141,Ernie,Top,1,141_1,4,8,1,2/27/19,2/8/19,19,0
141,Ernie,Top,1,141_1,dead,dead,dead,3/6/19,2/8/19,26,0
141,Ernie,Top,1,141_1,4.1,8,1,3/1/19,2/8/19,21,0
141,Ernie,Top,1,141_1,0,0,0,2/8/19,2/8/19,0,0
5,Bert,Top,1,5_1,7.6,20,0,3/8/19,2/8/19,28,0
76,Bert,Top,1,76_1,0.9,7,0,3/8/19,2/8/19,28,0
96,Bert,Top,1,96_1,6.7,10,1,3/8/19,2/8/19,28,0
136,Bert,Top,1,136_1,0,0,0.5,3/8/19,2/8/19,28,0
133,Bert,Top,1,133_1,0,0,0,3/8/19,2/8/19,28,0
56,Bert,Top,1,56_1,NA,NA,NA,3/8/19,2/8/19,28,0
18,Bert,Top,1,18_1,0.5,0.5,0,3/8/19,2/8/19,28,0
47,Bert,Top,1,47_1,NA,NA,NA,3/8/19,2/8/19,28,0
48,Bert,Top,1,48_1,0,0,1,3/8/19,2/8/19,28,0
79,Bert,Top,1,79_1,0,0,1,3/8/19,2/8/19,28,0
137,Bert,Top,1,137_1,2.5,25,0,3/8/19,2/8/19,28,0
27,Bert,Top,1,27_1,NA,NA,NA,3/8/19,2/8/19,28,0
38,Bert,Top,1,38_1,NA,NA,NA,3/8/19,2/8/19,28,0
59,Bert,Top,1,59_1,NA,NA,NA,3/8/19,2/8/19,28,0
130,Bert,Top,1,130_1,NA,NA,NA,3/8/19,2/8/19,28,0
40,Bert,Top,1,40_1,0,0,0,3/8/19,2/8/19,28,0
13,Bert,Top,1,13_1,NA,NA,NA,3/8/19,2/8/19,28,0
97,Bert,Top,1,97_1,NA,NA,NA,3/8/19,2/8/19,28,0
75,Bert,Top,1,75_1,1.2,3,3,3/8/19,2/8/19,28,0
58,Bert,Top,1,58_1,0,0,0,3/8/19,2/8/19,28,0
108,Bert,Top,1,108_1,NA,NA,NA,3/8/19,2/8/19,28,0
140,Bert,Top,1,140_1,1.7,6,0.5,3/8/19,2/8/19,28,0
99,Bert,Top,1,99_1,1.8,7,0,3/8/19,2/8/19,28,0
25,Bert,Top,1,25_1,NA,NA,NA,3/8/19,2/8/19,28,0
123,Bert,Top,1,123_1,NA,NA,NA,3/8/19,2/8/19,28,0
20,Bert,Top,1,20_1,NA,NA,NA,3/8/19,2/8/19,28,0
87,Bert,Top,1,87_1,NA,NA,NA,3/8/19,2/8/19,28,0
119,Bert,Top,1,119_1,2.2,5,0,3/8/19,2/8/19,28,0
7,Bert,Top,1,7_1,NA,NA,NA,3/8/19,2/8/19,28,0
30,Bert,Top,1,30_1,2.4,5,0,3/8/19,2/8/19,28,0
135,Bert,Top,1,135_1,5.5,10,0,3/8/19,2/8/19,28,0
131,Bert,Top,1,131_1,NA,NA,NA,3/8/19,2/8/19,28,0
111,Bert,Top,1,111_1,NA,NA,NA,3/8/19,2/8/19,28,0
26,Bert,Bottom,1,26_1,NA,NA,NA,3/8/19,2/8/19,28,0
65,Bert,Bottom,1,65_1,NA,NA,NA,3/8/19,2/8/19,28,0
66,Bert,Bottom,1,66_1,NA,NA,NA,3/8/19,2/8/19,28,0
31,Bert,Bottom,1,31_1,NA,NA,NA,3/8/19,2/8/19,28,0
122,Bert,Bottom,1,122_1,NA,NA,NA,3/8/19,2/8/19,28,0
69,Bert,Bottom,1,69_1,NA,NA,NA,3/8/19,2/8/19,28,0
117,Bert,Bottom,1,117_1,NA,NA,NA,3/8/19,2/8/19,28,0
134,Bert,Bottom,1,134_1,NA,NA,NA,3/8/19,2/8/19,28,0
4,Bert,Bottom,1,4_1,NA,NA,NA,3/8/19,2/8/19,28,0
43,Bert,Bottom,1,43_1,NA,NA,NA,3/8/19,2/8/19,28,0
127,Bert,Bottom,1,127_1,NA,NA,NA,3/8/19,2/8/19,28,0
37,Bert,Bottom,1,37_1,NA,NA,NA,3/8/19,2/8/19,28,0
29,Bert,Bottom,1,29_1,NA,NA,NA,3/8/19,2/8/19,28,0
106,Bert,Bottom,1,106_1,0,0,2,3/8/19,2/8/19,28,0
62,Bert,Bottom,1,62_1,0,0,0,3/8/19,2/8/19,28,0
35,Bert,Bottom,1,35_1,NA,NA,NA,3/8/19,2/8/19,28,0
113,Bert,Bottom,1,113_1,NA,NA,NA,3/8/19,2/8/19,28,0
109,Bert,Bottom,1,109_1,0,0,0,3/8/19,2/8/19,28,0
45,Bert,Bottom,1,45_1,NA,NA,NA,3/8/19,2/8/19,28,0
61,Bert,Bottom,1,61_1,0.8,1,1,3/8/19,2/8/19,28,0
42,Bert,Bottom,1,42_1,0,0,5,3/8/19,2/8/19,28,0
64,Bert,Bottom,1,64_1,NA,NA,NA,3/8/19,2/8/19,28,0
60,Bert,Bottom,1,60_1,NA,NA,NA,3/8/19,2/8/19,28,0
36,Bert,Bottom,1,36_1,0,0,30,3/8/19,2/8/19,28,0
83,Bert,Bottom,1,83_1,NA,NA,NA,3/8/19,2/8/19,28,0
121,Bert,Bottom,1,121_1,0.7,10,0,3/8/19,2/8/19,28,0
28,Bert,Bottom,1,28_1,NA,NA,NA,3/8/19,2/8/19,28,0
32,Bert,Bottom,1,32_1,NA,NA,NA,3/8/19,2/8/19,28,0
51,Bert,Bottom,1,51_1,NA,NA,NA,3/8/19,2/8/19,28,0
71,Bert,Bottom,1,71_1,NA,NA,NA,3/8/19,2/8/19,28,0
2,Bert,Bottom,1,2_1,NA,NA,NA,3/8/19,2/8/19,28,0
54,Bert,Bottom,1,54_1,NA,NA,NA,3/8/19,2/8/19,28,0
50,Bert,Bottom,1,50_1,NA,NA,NA,3/8/19,2/8/19,28,0
86,Ernie,Top,1,86_1,2.2,5,0,3/8/19,2/8/19,28,0
33,Ernie,Top,1,33_1,2.1,8,0,3/8/19,2/8/19,28,0
41,Ernie,Top,1,41_1,NA,NA,NA,3/8/19,2/8/19,28,0
34,Ernie,Top,1,34_1,0,0,0,3/8/19,2/8/19,28,0
72,Ernie,Top,1,72_1,NA,NA,NA,3/8/19,2/8/19,28,0
100,Ernie,Top,1,100_1,0,0,2,3/8/19,2/8/19,28,0
16,Ernie,Top,1,16_1,0,0,0,3/8/19,2/8/19,28,0
112,Ernie,Top,1,112_1,0,0,0,3/8/19,2/8/19,28,0
22,Ernie,Top,1,22_1,NA,NA,NA,3/8/19,2/8/19,28,0
95,Ernie,Top,1,95_1,NA,NA,NA,3/8/19,2/8/19,28,0
116,Ernie,Top,1,116_1,1.1,1,0,3/8/19,2/8/19,28,0
94,Ernie,Top,1,94_1,NA,NA,NA,3/8/19,2/8/19,28,0
81,Ernie,Top,1,81_1,NA,NA,NA,3/8/19,2/8/19,28,0
82,Ernie,Top,1,82_1,0,0,0,3/8/19,2/8/19,28,0
12,Ernie,Top,1,12_1,0,0,5,3/8/19,2/8/19,28,0
114,Ernie,Top,1,114_1,NA,NA,NA,3/8/19,2/8/19,28,0
78,Ernie,Top,1,78_1,0,0,0.5,3/8/19,2/8/19,28,0
84,Ernie,Top,1,84_1,0,0,2,3/8/19,2/8/19,28,0
126,Ernie,Top,1,126_1,0,0,0,3/8/19,2/8/19,28,0
53,Ernie,Top,1,53_1,0,0,2,3/8/19,2/8/19,28,0
103,Ernie,Top,1,103_1,NA,NA,NA,3/8/19,2/8/19,28,0
67,Ernie,Top,1,67_1,NA,NA,NA,3/8/19,2/8/19,28,0
52,Ernie,Top,1,52_1,NA,NA,NA,3/8/19,2/8/19,28,0
44,Ernie,Top,1,44_1,1.8,10,0,3/8/19,2/8/19,28,0
101,Ernie,Top,1,101_1,NA,NA,NA,3/8/19,2/8/19,28,0
141,Ernie,Top,1,141_1,NA,NA,NA,3/8/19,2/8/19,28,0
6,Ernie,Top,1,6_1,NA,NA,NA,3/8/19,2/8/19,28,0
125,Ernie,Top,1,125_1,0.9,1,0,3/8/19,2/8/19,28,0
118,Ernie,Top,1,118_1,2,5,0,3/8/19,2/8/19,28,0
57,Ernie,Top,1,57_1,NA,NA,NA,3/8/19,2/8/19,28,0
77,Ernie,Bottom,1,77_1,NA,NA,NA,3/8/19,2/8/19,28,0
1,Ernie,Bottom,1,1_1,0.8,3,0,3/8/19,2/8/19,28,0
128,Ernie,Bottom,1,128_1,NA,NA,NA,3/8/19,2/8/19,28,0
124,Ernie,Bottom,1,124_1,0,0,0,3/8/19,2/8/19,28,0
110,Ernie,Bottom,1,110_1,0.8,2,0,3/8/19,2/8/19,28,0
68,Ernie,Bottom,1,68_1,NA,NA,NA,3/8/19,2/8/19,28,0
3,Ernie,Bottom,1,3_1,NA,NA,NA,3/8/19,2/8/19,28,0
102,Ernie,Bottom,1,102_1,2.2,2,0,3/8/19,2/8/19,28,0
98,Ernie,Bottom,1,98_1,NA,NA,NA,3/8/19,2/8/19,28,0
138,Ernie,Bottom,1,138_1,1.7,10,10,3/8/19,2/8/19,28,0
17,Ernie,Bottom,1,17_1,NA,NA,NA,3/8/19,2/8/19,28,0
129,Ernie,Bottom,1,129_1,NA,NA,NA,3/8/19,2/8/19,28,0
8,Ernie,Bottom,1,8_1,1.1,2,0,3/8/19,2/8/19,28,0
107,Ernie,Bottom,1,107_1,5.4,30,0,3/8/19,2/8/19,28,0
63,Ernie,Bottom,1,63_1,NA,NA,NA,3/8/19,2/8/19,28,0
73,Ernie,Bottom,1,73_1,NA,NA,NA,3/8/19,2/8/19,28,0
139,Ernie,Bottom,1,139_1,0,0,0,3/8/19,2/8/19,28,0
49,Ernie,Bottom,1,49_1,1.1,2,0,3/8/19,2/8/19,28,0
92,Ernie,Bottom,1,92_1,NA,NA,NA,3/8/19,2/8/19,28,0
93,Ernie,Bottom,1,93_1,NA,NA,NA,3/8/19,2/8/19,28,0
88,Ernie,Bottom,1,88_1,0,0,0,3/8/19,2/8/19,28,0
70,Ernie,Bottom,1,70_1,NA,NA,NA,3/8/19,2/8/19,28,0
105,Ernie,Bottom,1,105_1,1,2,0,3/8/19,2/8/19,28,0
115,Ernie,Bottom,1,115_1,1.2,3,0,3/8/19,2/8/19,28,0
9,Ernie,Bottom,1,9_1,NA,NA,NA,3/8/19,2/8/19,28,0
46,Ernie,Bottom,1,46_1,NA,NA,NA,3/8/19,2/8/19,28,0
21,Ernie,Bottom,1,21_1,NA,NA,NA,3/8/19,2/8/19,28,0
5,Bert,Top,1,5_1,7.6,20,0,3/11/19,2/8/19,31,0
76,Bert,Top,1,76_1,NA,NA,NA,3/11/19,2/8/19,31,0
96,Bert,Top,1,96_1,NA,15,1,3/11/19,2/8/19,31,0
136,Bert,Top,1,136_1,0,0,0.5,3/11/19,2/8/19,31,0
133,Bert,Top,1,133_1,0,0,0,3/11/19,2/8/19,31,0
56,Bert,Top,1,56_1,NA,NA,NA,3/11/19,2/8/19,31,0
18,Bert,Top,1,18_1,0.5,0.5,0,3/11/19,2/8/19,31,0
47,Bert,Top,1,47_1,NA,NA,NA,3/11/19,2/8/19,31,0
48,Bert,Top,1,48_1,0,0,1,3/11/19,2/8/19,31,0
79,Bert,Top,1,79_1,0,0,1,3/11/19,2/8/19,31,0
137,Bert,Top,1,137_1,2.5,25,0,3/11/19,2/8/19,31,0
27,Bert,Top,1,27_1,NA,NA,NA,3/11/19,2/8/19,31,0
38,Bert,Top,1,38_1,NA,NA,NA,3/11/19,2/8/19,31,0
59,Bert,Top,1,59_1,NA,NA,NA,3/11/19,2/8/19,31,0
130,Bert,Top,1,130_1,NA,NA,NA,3/11/19,2/8/19,31,0
40,Bert,Top,1,40_1,0,0,0,3/11/19,2/8/19,31,0
13,Bert,Top,1,13_1,NA,NA,NA,3/11/19,2/8/19,31,0
97,Bert,Top,1,97_1,NA,NA,NA,3/11/19,2/8/19,31,0
75,Bert,Top,1,75_1,1.2,3,0.1,3/11/19,2/8/19,31,0
58,Bert,Top,1,58_1,NA,NA,NA,3/11/19,2/8/19,31,0
108,Bert,Top,1,108_1,NA,NA,NA,3/11/19,2/8/19,31,0
140,Bert,Top,1,140_1,1.7,6,0.5,3/11/19,2/8/19,31,0
99,Bert,Top,1,99_1,1.8,7,0,3/11/19,2/8/19,31,0
25,Bert,Top,1,25_1,NA,NA,NA,3/11/19,2/8/19,31,0
123,Bert,Top,1,123_1,NA,NA,NA,3/11/19,2/8/19,31,0
20,Bert,Top,1,20_1,NA,NA,NA,3/11/19,2/8/19,31,0
87,Bert,Top,1,87_1,NA,NA,NA,3/11/19,2/8/19,31,0
119,Bert,Top,1,119_1,2.2,5,0,3/11/19,2/8/19,31,0
7,Bert,Top,1,7_1,NA,NA,NA,3/11/19,2/8/19,31,0
30,Bert,Top,1,30_1,2.4,5,0,3/11/19,2/8/19,31,0
135,Bert,Top,1,135_1,5.5,10,0,3/11/19,2/8/19,31,0
131,Bert,Top,1,131_1,NA,NA,NA,3/11/19,2/8/19,31,0
111,Bert,Top,1,111_1,NA,NA,NA,3/11/19,2/8/19,31,0
26,Bert,Bottom,1,26_1,NA,NA,NA,3/11/19,2/8/19,31,0
65,Bert,Bottom,1,65_1,NA,NA,NA,3/11/19,2/8/19,31,0
66,Bert,Bottom,1,66_1,NA,NA,NA,3/11/19,2/8/19,31,0
31,Bert,Bottom,1,31_1,NA,NA,NA,3/11/19,2/8/19,31,0
122,Bert,Bottom,1,122_1,NA,NA,NA,3/11/19,2/8/19,31,0
69,Bert,Bottom,1,69_1,NA,NA,NA,3/11/19,2/8/19,31,0
117,Bert,Bottom,1,117_1,NA,NA,NA,3/11/19,2/8/19,31,0
134,Bert,Bottom,1,134_1,NA,NA,NA,3/11/19,2/8/19,31,0
4,Bert,Bottom,1,4_1,NA,NA,NA,3/11/19,2/8/19,31,0
43,Bert,Bottom,1,43_1,NA,NA,NA,3/11/19,2/8/19,31,0
127,Bert,Bottom,1,127_1,NA,NA,NA,3/11/19,2/8/19,31,0
37,Bert,Bottom,1,37_1,NA,NA,NA,3/11/19,2/8/19,31,0
29,Bert,Bottom,1,29_1,NA,NA,NA,3/11/19,2/8/19,31,0
106,Bert,Bottom,1,106_1,NA,NA,NA,3/11/19,2/8/19,31,0
62,Bert,Bottom,1,62_1,0,0,0,3/11/19,2/8/19,31,0
35,Bert,Bottom,1,35_1,NA,NA,NA,3/11/19,2/8/19,31,0
113,Bert,Bottom,1,113_1,NA,NA,NA,3/11/19,2/8/19,31,0
109,Bert,Bottom,1,109_1,0,0,0,3/11/19,2/8/19,31,0
45,Bert,Bottom,1,45_1,NA,NA,NA,3/11/19,2/8/19,31,0
61,Bert,Bottom,1,61_1,0.8,1,1,3/11/19,2/8/19,31,0
42,Bert,Bottom,1,42_1,0,0,5,3/11/19,2/8/19,31,0
64,Bert,Bottom,1,64_1,NA,NA,NA,3/11/19,2/8/19,31,0
60,Bert,Bottom,1,60_1,NA,NA,NA,3/11/19,2/8/19,31,0
36,Bert,Bottom,1,36_1,NA,NA,NA,3/11/19,2/8/19,31,0
83,Bert,Bottom,1,83_1,NA,NA,NA,3/11/19,2/8/19,31,0
121,Bert,Bottom,1,121_1,0.7,10,0,3/11/19,2/8/19,31,0
28,Bert,Bottom,1,28_1,NA,NA,NA,3/11/19,2/8/19,31,0
32,Bert,Bottom,1,32_1,NA,NA,NA,3/11/19,2/8/19,31,0
51,Bert,Bottom,1,51_1,NA,NA,NA,3/11/19,2/8/19,31,0
71,Bert,Bottom,1,71_1,NA,NA,NA,3/11/19,2/8/19,31,0
2,Bert,Bottom,1,2_1,NA,NA,NA,3/11/19,2/8/19,31,0
54,Bert,Bottom,1,54_1,NA,NA,NA,3/11/19,2/8/19,31,0
50,Bert,Bottom,1,50_1,NA,NA,NA,3/11/19,2/8/19,31,0
86,Ernie,Top,1,86_1,1.6,5,0,3/11/19,2/8/19,31,0
33,Ernie,Top,1,33_1,NA,NA,NA,3/11/19,2/8/19,31,0
41,Ernie,Top,1,41_1,NA,NA,NA,3/11/19,2/8/19,31,0
34,Ernie,Top,1,34_1,0,0,0,3/11/19,2/8/19,31,0
72,Ernie,Top,1,72_1,NA,NA,NA,3/11/19,2/8/19,31,0
100,Ernie,Top,1,100_1,0,0,2,3/11/19,2/8/19,31,0
16,Ernie,Top,1,16_1,0,0,0,3/11/19,2/8/19,31,0
112,Ernie,Top,1,112_1,0,0,0,3/11/19,2/8/19,31,0
22,Ernie,Top,1,22_1,NA,NA,NA,3/11/19,2/8/19,31,0
95,Ernie,Top,1,95_1,NA,NA,NA,3/11/19,2/8/19,31,0
116,Ernie,Top,1,116_1,1.1,1,0,3/11/19,2/8/19,31,0
94,Ernie,Top,1,94_1,NA,NA,NA,3/11/19,2/8/19,31,0
81,Ernie,Top,1,81_1,NA,NA,NA,3/11/19,2/8/19,31,0
82,Ernie,Top,1,82_1,0,0,0,3/11/19,2/8/19,31,0
12,Ernie,Top,1,12_1,0,0,5,3/11/19,2/8/19,31,0
114,Ernie,Top,1,114_1,NA,NA,NA,3/11/19,2/8/19,31,0
78,Ernie,Top,1,78_1,0,0,0.5,3/11/19,2/8/19,31,0
84,Ernie,Top,1,84_1,NA,NA,NA,3/11/19,2/8/19,31,0
126,Ernie,Top,1,126_1,0,0,0,3/11/19,2/8/19,31,0
53,Ernie,Top,1,53_1,NA,NA,NA,3/11/19,2/8/19,31,0
103,Ernie,Top,1,103_1,NA,NA,NA,3/11/19,2/8/19,31,0
67,Ernie,Top,1,67_1,NA,NA,NA,3/11/19,2/8/19,31,0
52,Ernie,Top,1,52_1,NA,NA,NA,3/11/19,2/8/19,31,0
44,Ernie,Top,1,44_1,NA,NA,NA,3/11/19,2/8/19,31,0
101,Ernie,Top,1,101_1,NA,NA,NA,3/11/19,2/8/19,31,0
141,Ernie,Top,1,141_1,NA,NA,NA,3/11/19,2/8/19,31,0
6,Ernie,Top,1,6_1,NA,NA,NA,3/11/19,2/8/19,31,0
125,Ernie,Top,1,125_1,0.9,1,0,3/11/19,2/8/19,31,0
118,Ernie,Top,1,118_1,2,5,0,3/11/19,2/8/19,31,0
57,Ernie,Top,1,57_1,NA,NA,NA,3/11/19,2/8/19,31,0
77,Ernie,Bottom,1,77_1,NA,NA,NA,3/11/19,2/8/19,31,0
1,Ernie,Bottom,1,1_1,0.5,3,0,3/11/19,2/8/19,31,0
128,Ernie,Bottom,1,128_1,NA,NA,NA,3/11/19,2/8/19,31,0
124,Ernie,Bottom,1,124_1,0,0,0,3/11/19,2/8/19,31,0
110,Ernie,Bottom,1,110_1,0.8,5,0,3/11/19,2/8/19,31,0
68,Ernie,Bottom,1,68_1,NA,NA,NA,3/11/19,2/8/19,31,0
3,Ernie,Bottom,1,3_1,NA,NA,NA,3/11/19,2/8/19,31,0
102,Ernie,Bottom,1,102_1,NA,NA,NA,3/11/19,2/8/19,31,0
98,Ernie,Bottom,1,98_1,NA,NA,NA,3/11/19,2/8/19,31,0
138,Ernie,Bottom,1,138_1,1.7,10,10,3/11/19,2/8/19,31,0
17,Ernie,Bottom,1,17_1,NA,NA,NA,3/11/19,2/8/19,31,0
129,Ernie,Bottom,1,129_1,NA,NA,NA,3/11/19,2/8/19,31,0
8,Ernie,Bottom,1,8_1,1.1,2,0,3/11/19,2/8/19,31,0
107,Ernie,Bottom,1,107_1,5.4,30,0,3/11/19,2/8/19,31,0
63,Ernie,Bottom,1,63_1,NA,NA,NA,3/11/19,2/8/19,31,0
73,Ernie,Bottom,1,73_1,NA,NA,NA,3/11/19,2/8/19,31,0
139,Ernie,Bottom,1,139_1,0,0,0,3/11/19,2/8/19,31,0
49,Ernie,Bottom,1,49_1,1.1,2,0,3/11/19,2/8/19,31,0
92,Ernie,Bottom,1,92_1,NA,NA,NA,3/11/19,2/8/19,31,0
93,Ernie,Bottom,1,93_1,NA,NA,NA,3/11/19,2/8/19,31,0
88,Ernie,Bottom,1,88_1,0,0,0,3/11/19,2/8/19,31,0
70,Ernie,Bottom,1,70_1,NA,NA,NA,3/11/19,2/8/19,31,0
105,Ernie,Bottom,1,105_1,1,2,0,3/11/19,2/8/19,31,0
115,Ernie,Bottom,1,115_1,1.2,3,0,3/11/19,2/8/19,31,0
9,Ernie,Bottom,1,9_1,NA,NA,NA,3/11/19,2/8/19,31,0
46,Ernie,Bottom,1,46_1,NA,NA,NA,3/11/19,2/8/19,31,0
21,Ernie,Bottom,1,21_1,NA,NA,NA,3/11/19,2/8/19,31,0
,,,,,,,,,,,
,,,,,,,,,,,
,,,,,,,,,,,
,,,,,,,,,,,
,,,,,,,,,,,
,,,,,,,,,,,
,,,,,,,,,,,
,,,,,,,,,,,
,,,,,,,,,,,
,,,,,,,,,,,
,,,,,,,,,,,
,,,,,,,,,,,
,,,,,,,,,,,
,,,,,,,,,,,
,,,,,,,,,,,
,,,,,,,,,,,
,,,,,,,,,,,
,,,,,,,,,,,
,,,,,,,,,,,
,,,,,,,,,,,
,,,,,,,,,,,
,,,,,,,,,,,
,,,,,,,,,,,
,,,,,,,,,,,
,,,,,,,,,,,
,,,,,,,,,,,
,,,,,,,,,,,
,,,,,,,,,,,
,,,,,,,,,,,
,,,,,,,,,,,
,,,,,,,,,,,
,,,,,,,,,,,
,,,,,,,,,,,
,,,,,,,,,,,
,,,,,,,,,,,
,,,,,,,,,,,
,,,,,,,,,,,
,,,,,,,,,,,
,,,,,,,,,,,
,,,,,,,,,,,
,,,,,,,,,,,
,,,,,,,,,,,
,,,,,,,,,,,
,,,,,,,,,,,
,,,,,,,,,,,
,,,,,,,,,,,
,,,,,,,,,,,
,,,,,,,,,,,
,,,,,,,,,,,
,,,,,,,,,,,
,,,,,,,,,,,
,,,,,,,,,,,
,,,,,,,,,,,
,,,,,,,,,,,
,,,,,,,,,,,
,,,,,,,,,,,
,,,,,,,,,,,
,,,,,,,,,,,
,,,,,,,,,,,
,,,,,,,,,,,
,,,,,,,,,,,
,,,,,,,,,,,
,,,,,,,,,,,
,,,,,,,,,,,
,,,,,,,,,,,
,,,,,,,,,,,
,,,,,,,,,,,
,,,,,,,,,,,
,,,,,,,,,,,
,,,,,,,,,,,
,,,,,,,,,,,
,,,,,,,,,,,
,,,,,,,,,,,
,,,,,,,,,,,
,,,,,,,,,,,
,,,,,,,,,,,
,,,,,,,,,,,
,,,,,,,,,,,
,,,,,,,,,,,
,,,,,,,,,,,
,,,,,,,,,,,
,,,,,,,,,,,
,,,,,,,,,,,
,,,,,,,,,,,
,,,,,,,,,,,
,,,,,,,,,,,
,,,,,,,,,,,
,,,,,,,,,,,
,,,,,,,,,,,
,,,,,,,,,,,
,,,,,,,,,,,
,,,,,,,,,,,
,,,,,,,,,,,
,,,,,,,,,,,
,,,,,,,,,,,
,,,,,,,,,,,
,,,,,,,,,,,
,,,,,,,,,,,
,,,,,,,,,,,
,,,,,,,,,,,
,,,,,,,,,,,
,,,,,,,,,,,
,,,,,,,,,,,
,,,,,,,,,,,
,,,,,,,,,,,
,,,,,,,,,,,
,,,,,,,,,,,
,,,,,,,,,,,
,,,,,,,,,,,
,,,,,,,,,,,
,,,,,,,,,,,
,,,,,,,,,,,
,,,,,,,,,,,
,,,,,,,,,,,
,,,,,,,,,,,
,,,,,,,,,,,
,,,,,,,,,,,
,,,,,,,,,,,
,,,,,,,,,,,
,,,,,,,,,,,
,,,,,,,,,,,
,,,,,,,,,,,
,,,,,,,,,,,
,,,,,,,,,,,
,,,,,,,,,,,
,,,,,,,,,,,
,,,,,,,,,,,
,,,,,,,,,,,
,,,,,,,,,,,
,,,,,,,,,,,
,,,,,,,,,,,
,,,,,,,,,,,
,,,,,,,,,,,
,,,,,,,,,,,
,,,,,,,,,,,
,,,,,,,,,,,
,,,,,,,,,,,
,,,,,,,,,,,
,,,,,,,,,,,
,,,,,,,,,,,
,,,,,,,,,,,
,,,,,,,,,,,
,,,,,,,,,,,
,,,,,,,,,,,
,,,,,,,,,,,
,,,,,,,,,,,
,,,,,,,,,,,
,,,,,,,,,,,
,,,,,,,,,,,
,,,,,,,,,,,
,,,,,,,,,,,
,,,,,,,,,,,
,,,,,,,,,,,
,,,,,,,,,,,
,,,,,,,,,,,
,,,,,,,,,,,
,,,,,,,,,,,
,,,,,,,,,,,
,,,,,,,,,,,
,,,,,,,,,,,
,,,,,,,,,,,
,,,,,,,,,,,
,,,,,,,,,,,
,,,,,,,,,,,
,,,,,,,,,,,
,,,,,,,,,,,
,,,,,,,,,,,
,,,,,,,,,,,
,,,,,,,,,,,
,,,,,,,,,,,
,,,,,,,,,,,
,,,,,,,,,,,
,,,,,,,,,,,
,,,,,,,,,,,
,,,,,,,,,,,
,,,,,,,,,,,
,,,,,,,,,,,
,,,,,,,,,,,
,,,,,,,,,,,
,,,,,,,,,,,
,,,,,,,,,,,
,,,,,,,,,,,
,,,,,,,,,,,
,,,,,,,,,,,
,,,,,,,,,,,
,,,,,,,,,,,
,,,,,,,,,,,
,,,,,,,,,,,
,,,,,,,,,,,
,,,,,,,,,,,
,,,,,,,,,,,
,,,,,,,,,,,
,,,,,,,,,,,
,,,,,,,,,,,
,,,,,,,,,,,
,,,,,,,,,,,
,,,,,,,,,,,
,,,,,,,,,,,
,,,,,,,,,,,
,,,,,,,,,,,
,,,,,,,,,,,
,,,,,,,,,,,
,,,,,,,,,,,
,,,,,,,,,,,
,,,,,,,,,,,
,,,,,,,,,,,
,,,,,,,,,,,
,,,,,,,,,,,
,,,,,,,,,,,
,,,,,,,,,,,
,,,,,,,,,,,
,,,,,,,,,,,
,,,,,,,,,,,
,,,,,,,,,,,
,,,,,,,,,,,
,,,,,,,,,,,
,,,,,,,,,,,
,,,,,,,,,,,
,,,,,,,,,,,
,,,,,,,,,,,
,,,,,,,,,,,
,,,,,,,,,,,
,,,,,,,,,,,
,,,,,,,,,,,
,,,,,,,,,,,
,,,,,,,,,,,
,,,,,,,,,,,
,,,,,,,,,,,
,,,,,,,,,,,
,,,,,,,,,,,
,,,,,,,,,,,
,,,,,,,,,,,
,,,,,,,,,,,
,,,,,,,,,,,
,,,,,,,,,,,
,,,,,,,,,,,
,,,,,,,,,,,
,,,,,,,,,,,
,,,,,,,,,,,
,,,,,,,,,,,
,,,,,,,,,,,
,,,,,,,,,,,
,,,,,,,,,,,
,,,,,,,,,,,
,,,,,,,,,,,
,,,,,,,,,,,
,,,,,,,,,,,
,,,,,,,,,,,
,,,,,,,,,,,
,,,,,,,,,,,
,,,,,,,,,,,
,,,,,,,,,,,
,,,,,,,,,,,
,,,,,,,,,,,
,,,,,,,,,,,
,,,,,,,,,,,
,,,,,,,,,,,
,,,,,,,,,,,
,,,,,,,,,,,
,,,,,,,,,,,
,,,,,,,,,,,
,,,,,,,,,,,
,,,,,,,,,,,
,,,,,,,,,,,
,,,,,,,,,,,
,,,,,,,,,,,
,,,,,,,,,,,
,,,,,,,,,,,
,,,,,,,,,,,
,,,,,,,,,,,
,,,,,,,,,,,
,,,,,,,,,,,
,,,,,,,,,,,
,,,,,,,,,,,
,,,,,,,,,,,
,,,,,,,,,,,
,,,,,,,,,,,
,,,,,,,,,,,
,,,,,,,,,,,
,,,,,,,,,,,
,,,,,,,,,,,
,,,,,,,,,,,
,,,,,,,,,,,
,,,,,,,,,,,
,,,,,,,,,,,
,,,,,,,,,,,
,,,,,,,,,,,
,,,,,,,,,,,
,,,,,,,,,,,
,,,,,,,,,,,
,,,,,,,,,,,
,,,,,,,,,,,
,,,,,,,,,,,
,,,,,,,,,,,
,,,,,,,,,,,
,,,,,,,,,,,
,,,,,,,,,,,
,,,,,,,,,,,
,,,,,,,,,,,
,,,,,,,,,,,
,,,,,,,,,,,
,,,,,,,,,,,
,,,,,,,,,,,
,,,,,,,,,,,
,,,,,,,,,,,
,,,,,,,,,,,
,,,,,,,,,,,
,,,,,,,,,,,
,,,,,,,,,,,
,,,,,,,,,,,
,,,,,,,,,,,
,,,,,,,,,,,
,,,,,,,,,,,
,,,,,,,,,,,
,,,,,,,,,,,
,,,,,,,,,,,
,,,,,,,,,,,
,,,,,,,,,,,
,,,,,,,,,,,
,,,,,,,,,,,